culture_id,well,plate_id,plate_barcode,status,parent_culture_id,observation_timestamp,absorbance_OD600,cell_concentration_cells_per_mL,reagent_name,reagent_volume_uL
CLTR15OQ6PNR25CGRXFLX3TL5LCI2ZA,A1,PLT12V3H4WNRSR6CWJ7A72ODORU7EI,CellAI Tutorial Experiment Plate,Active,CLTR1IRTGMCXOWUZEASFX4GDDGRTY5A,2026-03-14T21:39:22.353100+00:00,0.7587,758700000,Novel Bio Cyclone Media,100.0
CLTR1XVNY6Q4UJ5N4EUHKE6Y6CVDUAM,A10,PLT12V3H4WNRSR6CWJ7A72ODORU7EI,CellAI Tutorial Experiment Plate,Active,CLTR1IRTGMCXOWUZEASFX4GDDGRTY5A,2026-03-14T21:39:22.353100+00:00,0.1075,107500000,Novel Bio Cyclone Media,190.0
CLTR1PQGY2ZT5O6IYCKJ5SAWSTRVEXU,A2,PLT12V3H4WNRSR6CWJ7A72ODORU7EI,CellAI Tutorial Experiment Plate,Active,CLTR1IRTGMCXOWUZEASFX4GDDGRTY5A,2026-03-14T21:39:22.353100+00:00,0.3309,330900000,Novel Bio Cyclone Media,110.0
CLTR1IO562YQATWTC5AHBTO4S7VA4XI,A3,PLT12V3H4WNRSR6CWJ7A72ODORU7EI,CellAI Tutorial Experiment Plate,Active,CLTR1IRTGMCXOWUZEASFX4GDDGRTY5A,2026-03-14T21:39:22.353100+00:00,0.3768,376800000,Novel Bio Cyclone Media,120.0
CLTR1CYTMQDTCMLVV7CRLI5FE3JK7DU,A4,PLT12V3H4WNRSR6CWJ7A72ODORU7EI,CellAI Tutorial Experiment Plate,Active,CLTR1IRTGMCXOWUZEASFX4GDDGRTY5A,2026-03-14T21:39:22.353100+00:00,0.4338,433800000,Novel Bio Cyclone Media,130.0
CLTR1C3YUS4JUNHGGAEWQLXE3PQOZL4,A5,PLT12V3H4WNRSR6CWJ7A72ODORU7EI,CellAI Tutorial Experiment Plate,Active,CLTR1IRTGMCXOWUZEASFX4GDDGRTY5A,2026-03-14T21:39:22.353100+00:00,0.4673,467300000,Novel Bio Cyclone Media,140.0
CLTR1CBGYVMJEVHBYGOLDDRLXWQTI7Q,A6,PLT12V3H4WNRSR6CWJ7A72ODORU7EI,CellAI Tutorial Experiment Plate,Active,CLTR1IRTGMCXOWUZEASFX4GDDGRTY5A,2026-03-14T21:39:22.353100+00:00,0.4276,427600000,Novel Bio Cyclone Media,150.0
CLTR17A3C7NJQCNAMEDQGD4GRR4QJWM,A7,PLT12V3H4WNRSR6CWJ7A72ODORU7EI,CellAI Tutorial Experiment Plate,Active,CLTR1IRTGMCXOWUZEASFX4GDDGRTY5A,2026-03-14T21:39:22.353100+00:00,0.3746,374600000,Novel Bio Cyclone Media,160.0
CLTR1BYR7V63KLDAQGIHAXEB4HLXVCQ,A8,PLT12V3H4WNRSR6CWJ7A72ODORU7EI,CellAI Tutorial Experiment Plate,Active,CLTR1IRTGMCXOWUZEASFX4GDDGRTY5A,2026-03-14T21:39:22.353100+00:00,0.3138,313800000,Novel Bio Cyclone Media,170.0
CLTR1GRBZMHO44PKSBTJFEB4WAB3XBE,A9,PLT12V3H4WNRSR6CWJ7A72ODORU7EI,CellAI Tutorial Experiment Plate,Active,CLTR1IRTGMCXOWUZEASFX4GDDGRTY5A,2026-03-14T21:39:22.353100+00:00,0.1009,100900000,Novel Bio Cyclone Media,180.0
CLTR1YI76BVWVAQZWZS4XM3QMKZTCJ4,B1,PLT12V3H4WNRSR6CWJ7A72ODORU7EI,CellAI Tutorial Experiment Plate,Active,CLTR1IRTGMCXOWUZEASFX4GDDGRTY5A,2026-03-14T21:39:22.353100+00:00,0.3952,395200000,Novel Bio Cyclone Media,100.0
CLTR1HROM7ML5BDRZOKXG5WPHV4YW5A,B10,PLT12V3H4WNRSR6CWJ7A72ODORU7EI,CellAI Tutorial Experiment Plate,Active,CLTR1IRTGMCXOWUZEASFX4GDDGRTY5A,2026-03-14T21:39:22.353100+00:00,0.1039,103900000,Novel Bio Cyclone Media,190.0
CLTR16ECOHAVVNFKRWZ2PNN6AMCBXAA,B2,PLT12V3H4WNRSR6CWJ7A72ODORU7EI,CellAI Tutorial Experiment Plate,Active,CLTR1IRTGMCXOWUZEASFX4GDDGRTY5A,2026-03-14T21:39:22.353100+00:00,0.3475,347500000,Novel Bio Cyclone Media,110.0
CLTR157PBJ2NCFCVS5TTH2S5Z3THYCM,B3,PLT12V3H4WNRSR6CWJ7A72ODORU7EI,CellAI Tutorial Experiment Plate,Active,CLTR1IRTGMCXOWUZEASFX4GDDGRTY5A,2026-03-14T21:39:22.353100+00:00,0.3986,398600000,Novel Bio Cyclone Media,120.0
CLTR1FOJTKHJ436JPSSREUVUYJ45KWI,B4,PLT12V3H4WNRSR6CWJ7A72ODORU7EI,CellAI Tutorial Experiment Plate,Active,CLTR1IRTGMCXOWUZEASFX4GDDGRTY5A,2026-03-14T21:39:22.353100+00:00,0.4671,467100000,Novel Bio Cyclone Media,130.0
CLTR1U2EA3G4VSGS7HVUVD745MVE2QE,B5,PLT12V3H4WNRSR6CWJ7A72ODORU7EI,CellAI Tutorial Experiment Plate,Active,CLTR1IRTGMCXOWUZEASFX4GDDGRTY5A,2026-03-14T21:39:22.353100+00:00,0.4852,485200000,Novel Bio Cyclone Media,140.0
CLTR1OERDUF5FHAJLFFJ2GHEVOIGYU4,B6,PLT12V3H4WNRSR6CWJ7A72ODORU7EI,CellAI Tutorial Experiment Plate,Active,CLTR1IRTGMCXOWUZEASFX4GDDGRTY5A,2026-03-14T21:39:22.353100+00:00,0.444,444000000,Novel Bio Cyclone Media,150.0
CLTR1YQ5ASLTE5ZVEGZ5TPTYWMWHZRI,B7,PLT12V3H4WNRSR6CWJ7A72ODORU7EI,CellAI Tutorial Experiment Plate,Active,CLTR1IRTGMCXOWUZEASFX4GDDGRTY5A,2026-03-14T21:39:22.353100+00:00,0.3773,377300000,Novel Bio Cyclone Media,160.0
CLTR1IIC7BJGUOZZKKYK766XMFNAZGA,B8,PLT12V3H4WNRSR6CWJ7A72ODORU7EI,CellAI Tutorial Experiment Plate,Active,CLTR1IRTGMCXOWUZEASFX4GDDGRTY5A,2026-03-14T21:39:22.353100+00:00,0.3004,300400000,Novel Bio Cyclone Media,170.0
CLTR145AHWNFBYLCWSAMJYTAODILLKI,B9,PLT12V3H4WNRSR6CWJ7A72ODORU7EI,CellAI Tutorial Experiment Plate,Active,CLTR1IRTGMCXOWUZEASFX4GDDGRTY5A,2026-03-14T21:39:22.353100+00:00,0.1092,109200000,Novel Bio Cyclone Media,180.0
CLTR1EXQSSZOFR3MOJ6WQ4VZ2R6SKQU,C1,PLT12V3H4WNRSR6CWJ7A72ODORU7EI,CellAI Tutorial Experiment Plate,Active,CLTR1IRTGMCXOWUZEASFX4GDDGRTY5A,2026-03-14T21:39:22.353100+00:00,0.3467,346700000,Novel Bio Cyclone Media,100.0
CLTR1CWOXXPS4HLNE6EC7MTGL3IHMQQ,C10,PLT12V3H4WNRSR6CWJ7A72ODORU7EI,CellAI Tutorial Experiment Plate,Active,CLTR1IRTGMCXOWUZEASFX4GDDGRTY5A,2026-03-14T21:39:22.353100+00:00,0.1052,105200000,Novel Bio Cyclone Media,190.0
CLTR124P26R5BOSBZDUH2RV7XNOLXGI,C2,PLT12V3H4WNRSR6CWJ7A72ODORU7EI,CellAI Tutorial Experiment Plate,Active,CLTR1IRTGMCXOWUZEASFX4GDDGRTY5A,2026-03-14T21:39:22.353100+00:00,0.3792,379200000,Novel Bio Cyclone Media,110.0
CLTR1Z2MYIFXADXGY4P24WTQVM42POY,C3,PLT12V3H4WNRSR6CWJ7A72ODORU7EI,CellAI Tutorial Experiment Plate,Active,CLTR1IRTGMCXOWUZEASFX4GDDGRTY5A,2026-03-14T21:39:22.353100+00:00,0.4267,426700000,Novel Bio Cyclone Media,120.0
CLTR1W4DLUZYG5BTMEK67UIQPZW422A,C4,PLT12V3H4WNRSR6CWJ7A72ODORU7EI,CellAI Tutorial Experiment Plate,Active,CLTR1IRTGMCXOWUZEASFX4GDDGRTY5A,2026-03-14T21:39:22.353100+00:00,0.4899,489900000,Novel Bio Cyclone Media,130.0
CLTR1P2O3JTOLUHBHPWDWRFJGR5PYEM,C5,PLT12V3H4WNRSR6CWJ7A72ODORU7EI,CellAI Tutorial Experiment Plate,Active,CLTR1IRTGMCXOWUZEASFX4GDDGRTY5A,2026-03-14T21:39:22.353100+00:00,0.4959,495900000,Novel Bio Cyclone Media,140.0
CLTR1TOEYEASD22ES7GT5D25NSD54CY,C6,PLT12V3H4WNRSR6CWJ7A72ODORU7EI,CellAI Tutorial Experiment Plate,Active,CLTR1IRTGMCXOWUZEASFX4GDDGRTY5A,2026-03-14T21:39:22.353100+00:00,0.4419,441900000,Novel Bio Cyclone Media,150.0
CLTR1LVMVCQ3LFT37NUOPLLC6Q3VWFU,C7,PLT12V3H4WNRSR6CWJ7A72ODORU7EI,CellAI Tutorial Experiment Plate,Active,CLTR1IRTGMCXOWUZEASFX4GDDGRTY5A,2026-03-14T21:39:22.353100+00:00,0.397,397000000,Novel Bio Cyclone Media,160.0
CLTR1IXGNBBOBIU6LJFAGEQRJXSZ3DQ,C8,PLT12V3H4WNRSR6CWJ7A72ODORU7EI,CellAI Tutorial Experiment Plate,Active,CLTR1IRTGMCXOWUZEASFX4GDDGRTY5A,2026-03-14T21:39:22.353100+00:00,0.1066,106600000,Novel Bio Cyclone Media,170.0
CLTR13AZJC4U6LCAN47ALF42C7CX2IM,C9,PLT12V3H4WNRSR6CWJ7A72ODORU7EI,CellAI Tutorial Experiment Plate,Active,CLTR1IRTGMCXOWUZEASFX4GDDGRTY5A,2026-03-14T21:39:22.353100+00:00,0.1079,107900000,Novel Bio Cyclone Media,180.0
CLTR15OQ6PNR25CGRXFLX3TL5LCI2ZA,A1,PLT12V3H4WNRSR6CWJ7A72ODORU7EI,CellAI Tutorial Experiment Plate,Active,CLTR1IRTGMCXOWUZEASFX4GDDGRTY5A,2026-03-14T22:13:15.795284+00:00,0.8694,869400000,Novel Bio Cyclone Media,100.0
CLTR1XVNY6Q4UJ5N4EUHKE6Y6CVDUAM,A10,PLT12V3H4WNRSR6CWJ7A72ODORU7EI,CellAI Tutorial Experiment Plate,Active,CLTR1IRTGMCXOWUZEASFX4GDDGRTY5A,2026-03-14T22:13:15.795284+00:00,0.1172,117200000,Novel Bio Cyclone Media,190.0
CLTR1PQGY2ZT5O6IYCKJ5SAWSTRVEXU,A2,PLT12V3H4WNRSR6CWJ7A72ODORU7EI,CellAI Tutorial Experiment Plate,Active,CLTR1IRTGMCXOWUZEASFX4GDDGRTY5A,2026-03-14T22:13:15.795284+00:00,0.4053,405300000,Novel Bio Cyclone Media,110.0
CLTR1IO562YQATWTC5AHBTO4S7VA4XI,A3,PLT12V3H4WNRSR6CWJ7A72ODORU7EI,CellAI Tutorial Experiment Plate,Active,CLTR1IRTGMCXOWUZEASFX4GDDGRTY5A,2026-03-14T22:13:15.795284+00:00,0.4582,458200000,Novel Bio Cyclone Media,120.0
CLTR1CYTMQDTCMLVV7CRLI5FE3JK7DU,A4,PLT12V3H4WNRSR6CWJ7A72ODORU7EI,CellAI Tutorial Experiment Plate,Active,CLTR1IRTGMCXOWUZEASFX4GDDGRTY5A,2026-03-14T22:13:15.795284+00:00,0.5218,521800000,Novel Bio Cyclone Media,130.0
CLTR1C3YUS4JUNHGGAEWQLXE3PQOZL4,A5,PLT12V3H4WNRSR6CWJ7A72ODORU7EI,CellAI Tutorial Experiment Plate,Active,CLTR1IRTGMCXOWUZEASFX4GDDGRTY5A,2026-03-14T22:13:15.795284+00:00,0.5431,543100000,Novel Bio Cyclone Media,140.0
CLTR1CBGYVMJEVHBYGOLDDRLXWQTI7Q,A6,PLT12V3H4WNRSR6CWJ7A72ODORU7EI,CellAI Tutorial Experiment Plate,Active,CLTR1IRTGMCXOWUZEASFX4GDDGRTY5A,2026-03-14T22:13:15.795284+00:00,0.5112,511200000,Novel Bio Cyclone Media,150.0
CLTR17A3C7NJQCNAMEDQGD4GRR4QJWM,A7,PLT12V3H4WNRSR6CWJ7A72ODORU7EI,CellAI Tutorial Experiment Plate,Active,CLTR1IRTGMCXOWUZEASFX4GDDGRTY5A,2026-03-14T22:13:15.795284+00:00,0.4815,481500000,Novel Bio Cyclone Media,160.0
CLTR1BYR7V63KLDAQGIHAXEB4HLXVCQ,A8,PLT12V3H4WNRSR6CWJ7A72ODORU7EI,CellAI Tutorial Experiment Plate,Active,CLTR1IRTGMCXOWUZEASFX4GDDGRTY5A,2026-03-14T22:13:15.795284+00:00,0.4314,431400000,Novel Bio Cyclone Media,170.0
CLTR1GRBZMHO44PKSBTJFEB4WAB3XBE,A9,PLT12V3H4WNRSR6CWJ7A72ODORU7EI,CellAI Tutorial Experiment Plate,Active,CLTR1IRTGMCXOWUZEASFX4GDDGRTY5A,2026-03-14T22:13:15.795284+00:00,0.1072,107200000,Novel Bio Cyclone Media,180.0
CLTR1YI76BVWVAQZWZS4XM3QMKZTCJ4,B1,PLT12V3H4WNRSR6CWJ7A72ODORU7EI,CellAI Tutorial Experiment Plate,Active,CLTR1IRTGMCXOWUZEASFX4GDDGRTY5A,2026-03-14T22:13:15.795284+00:00,0.4667,466700000,Novel Bio Cyclone Media,100.0
CLTR1HROM7ML5BDRZOKXG5WPHV4YW5A,B10,PLT12V3H4WNRSR6CWJ7A72ODORU7EI,CellAI Tutorial Experiment Plate,Active,CLTR1IRTGMCXOWUZEASFX4GDDGRTY5A,2026-03-14T22:13:15.795284+00:00,0.114,114000000,Novel Bio Cyclone Media,190.0
CLTR16ECOHAVVNFKRWZ2PNN6AMCBXAA,B2,PLT12V3H4WNRSR6CWJ7A72ODORU7EI,CellAI Tutorial Experiment Plate,Active,CLTR1IRTGMCXOWUZEASFX4GDDGRTY5A,2026-03-14T22:13:15.795284+00:00,0.4341,434100000,Novel Bio Cyclone Media,110.0
CLTR157PBJ2NCFCVS5TTH2S5Z3THYCM,B3,PLT12V3H4WNRSR6CWJ7A72ODORU7EI,CellAI Tutorial Experiment Plate,Active,CLTR1IRTGMCXOWUZEASFX4GDDGRTY5A,2026-03-14T22:13:15.795284+00:00,0.5188,518800000,Novel Bio Cyclone Media,120.0
CLTR1FOJTKHJ436JPSSREUVUYJ45KWI,B4,PLT12V3H4WNRSR6CWJ7A72ODORU7EI,CellAI Tutorial Experiment Plate,Active,CLTR1IRTGMCXOWUZEASFX4GDDGRTY5A,2026-03-14T22:13:15.795284+00:00,0.544,544000000,Novel Bio Cyclone Media,130.0
CLTR1U2EA3G4VSGS7HVUVD745MVE2QE,B5,PLT12V3H4WNRSR6CWJ7A72ODORU7EI,CellAI Tutorial Experiment Plate,Active,CLTR1IRTGMCXOWUZEASFX4GDDGRTY5A,2026-03-14T22:13:15.795284+00:00,0.5837,583700000,Novel Bio Cyclone Media,140.0
CLTR1OERDUF5FHAJLFFJ2GHEVOIGYU4,B6,PLT12V3H4WNRSR6CWJ7A72ODORU7EI,CellAI Tutorial Experiment Plate,Active,CLTR1IRTGMCXOWUZEASFX4GDDGRTY5A,2026-03-14T22:13:15.795284+00:00,0.5328,532800000,Novel Bio Cyclone Media,150.0
CLTR1YQ5ASLTE5ZVEGZ5TPTYWMWHZRI,B7,PLT12V3H4WNRSR6CWJ7A72ODORU7EI,CellAI Tutorial Experiment Plate,Active,CLTR1IRTGMCXOWUZEASFX4GDDGRTY5A,2026-03-14T22:13:15.795284+00:00,0.4775,477500000,Novel Bio Cyclone Media,160.0
CLTR1IIC7BJGUOZZKKYK766XMFNAZGA,B8,PLT12V3H4WNRSR6CWJ7A72ODORU7EI,CellAI Tutorial Experiment Plate,Active,CLTR1IRTGMCXOWUZEASFX4GDDGRTY5A,2026-03-14T22:13:15.795284+00:00,0.3978,397800000,Novel Bio Cyclone Media,170.0
CLTR145AHWNFBYLCWSAMJYTAODILLKI,B9,PLT12V3H4WNRSR6CWJ7A72ODORU7EI,CellAI Tutorial Experiment Plate,Active,CLTR1IRTGMCXOWUZEASFX4GDDGRTY5A,2026-03-14T22:13:15.795284+00:00,0.1316,131600000,Novel Bio Cyclone Media,180.0
CLTR1EXQSSZOFR3MOJ6WQ4VZ2R6SKQU,C1,PLT12V3H4WNRSR6CWJ7A72ODORU7EI,CellAI Tutorial Experiment Plate,Active,CLTR1IRTGMCXOWUZEASFX4GDDGRTY5A,2026-03-14T22:13:15.795284+00:00,0.4149,414900000,Novel Bio Cyclone Media,100.0
CLTR1CWOXXPS4HLNE6EC7MTGL3IHMQQ,C10,PLT12V3H4WNRSR6CWJ7A72ODORU7EI,CellAI Tutorial Experiment Plate,Active,CLTR1IRTGMCXOWUZEASFX4GDDGRTY5A,2026-03-14T22:13:15.795284+00:00,0.1172,117200000,Novel Bio Cyclone Media,190.0
CLTR124P26R5BOSBZDUH2RV7XNOLXGI,C2,PLT12V3H4WNRSR6CWJ7A72ODORU7EI,CellAI Tutorial Experiment Plate,Active,CLTR1IRTGMCXOWUZEASFX4GDDGRTY5A,2026-03-14T22:13:15.795284+00:00,0.466,466000000,Novel Bio Cyclone Media,110.0
CLTR1Z2MYIFXADXGY4P24WTQVM42POY,C3,PLT12V3H4WNRSR6CWJ7A72ODORU7EI,CellAI Tutorial Experiment Plate,Active,CLTR1IRTGMCXOWUZEASFX4GDDGRTY5A,2026-03-14T22:13:15.795284+00:00,0.5069,506900000,Novel Bio Cyclone Media,120.0
CLTR1W4DLUZYG5BTMEK67UIQPZW422A,C4,PLT12V3H4WNRSR6CWJ7A72ODORU7EI,CellAI Tutorial Experiment Plate,Active,CLTR1IRTGMCXOWUZEASFX4GDDGRTY5A,2026-03-14T22:13:15.795284+00:00,0.5506,550600000,Novel Bio Cyclone Media,130.0
CLTR1P2O3JTOLUHBHPWDWRFJGR5PYEM,C5,PLT12V3H4WNRSR6CWJ7A72ODORU7EI,CellAI Tutorial Experiment Plate,Active,CLTR1IRTGMCXOWUZEASFX4GDDGRTY5A,2026-03-14T22:13:15.795284+00:00,0.5636,563600000,Novel Bio Cyclone Media,140.0
CLTR1TOEYEASD22ES7GT5D25NSD54CY,C6,PLT12V3H4WNRSR6CWJ7A72ODORU7EI,CellAI Tutorial Experiment Plate,Active,CLTR1IRTGMCXOWUZEASFX4GDDGRTY5A,2026-03-14T22:13:15.795284+00:00,0.5278,527800000,Novel Bio Cyclone Media,150.0
CLTR1LVMVCQ3LFT37NUOPLLC6Q3VWFU,C7,PLT12V3H4WNRSR6CWJ7A72ODORU7EI,CellAI Tutorial Experiment Plate,Active,CLTR1IRTGMCXOWUZEASFX4GDDGRTY5A,2026-03-14T22:13:15.795284+00:00,0.4874,487400000,Novel Bio Cyclone Media,160.0
CLTR1IXGNBBOBIU6LJFAGEQRJXSZ3DQ,C8,PLT12V3H4WNRSR6CWJ7A72ODORU7EI,CellAI Tutorial Experiment Plate,Active,CLTR1IRTGMCXOWUZEASFX4GDDGRTY5A,2026-03-14T22:13:15.795284+00:00,0.1207,120700000,Novel Bio Cyclone Media,170.0
CLTR13AZJC4U6LCAN47ALF42C7CX2IM,C9,PLT12V3H4WNRSR6CWJ7A72ODORU7EI,CellAI Tutorial Experiment Plate,Active,CLTR1IRTGMCXOWUZEASFX4GDDGRTY5A,2026-03-14T22:13:15.795284+00:00,0.1203,120300000,Novel Bio Cyclone Media,180.0
CLTR15OQ6PNR25CGRXFLX3TL5LCI2ZA,A1,PLT12V3H4WNRSR6CWJ7A72ODORU7EI,CellAI Tutorial Experiment Plate,Active,CLTR1IRTGMCXOWUZEASFX4GDDGRTY5A,2026-03-14T22:23:17.971450+00:00,0.9491,949100000,Novel Bio Cyclone Media,100.0
CLTR1XVNY6Q4UJ5N4EUHKE6Y6CVDUAM,A10,PLT12V3H4WNRSR6CWJ7A72ODORU7EI,CellAI Tutorial Experiment Plate,Active,CLTR1IRTGMCXOWUZEASFX4GDDGRTY5A,2026-03-14T22:23:17.971450+00:00,0.1197,119700000,Novel Bio Cyclone Media,190.0
CLTR1PQGY2ZT5O6IYCKJ5SAWSTRVEXU,A2,PLT12V3H4WNRSR6CWJ7A72ODORU7EI,CellAI Tutorial Experiment Plate,Active,CLTR1IRTGMCXOWUZEASFX4GDDGRTY5A,2026-03-14T22:23:17.971450+00:00,0.4257,425700000,Novel Bio Cyclone Media,110.0
CLTR1IO562YQATWTC5AHBTO4S7VA4XI,A3,PLT12V3H4WNRSR6CWJ7A72ODORU7EI,CellAI Tutorial Experiment Plate,Active,CLTR1IRTGMCXOWUZEASFX4GDDGRTY5A,2026-03-14T22:23:17.971450+00:00,0.4674,467400000,Novel Bio Cyclone Media,120.0
CLTR1CYTMQDTCMLVV7CRLI5FE3JK7DU,A4,PLT12V3H4WNRSR6CWJ7A72ODORU7EI,CellAI Tutorial Experiment Plate,Active,CLTR1IRTGMCXOWUZEASFX4GDDGRTY5A,2026-03-14T22:23:17.971450+00:00,0.5001,500100000,Novel Bio Cyclone Media,130.0
CLTR1C3YUS4JUNHGGAEWQLXE3PQOZL4,A5,PLT12V3H4WNRSR6CWJ7A72ODORU7EI,CellAI Tutorial Experiment Plate,Active,CLTR1IRTGMCXOWUZEASFX4GDDGRTY5A,2026-03-14T22:23:17.971450+00:00,0.5278,527800000,Novel Bio Cyclone Media,140.0
CLTR1CBGYVMJEVHBYGOLDDRLXWQTI7Q,A6,PLT12V3H4WNRSR6CWJ7A72ODORU7EI,CellAI Tutorial Experiment Plate,Active,CLTR1IRTGMCXOWUZEASFX4GDDGRTY5A,2026-03-14T22:23:17.971450+00:00,0.513,513000000,Novel Bio Cyclone Media,150.0
CLTR17A3C7NJQCNAMEDQGD4GRR4QJWM,A7,PLT12V3H4WNRSR6CWJ7A72ODORU7EI,CellAI Tutorial Experiment Plate,Active,CLTR1IRTGMCXOWUZEASFX4GDDGRTY5A,2026-03-14T22:23:17.971450+00:00,0.4743,474300000,Novel Bio Cyclone Media,160.0
CLTR1BYR7V63KLDAQGIHAXEB4HLXVCQ,A8,PLT12V3H4WNRSR6CWJ7A72ODORU7EI,CellAI Tutorial Experiment Plate,Active,CLTR1IRTGMCXOWUZEASFX4GDDGRTY5A,2026-03-14T22:23:17.971450+00:00,0.4587,458700000,Novel Bio Cyclone Media,170.0
CLTR1GRBZMHO44PKSBTJFEB4WAB3XBE,A9,PLT12V3H4WNRSR6CWJ7A72ODORU7EI,CellAI Tutorial Experiment Plate,Active,CLTR1IRTGMCXOWUZEASFX4GDDGRTY5A,2026-03-14T22:23:17.971450+00:00,0.1111,111100000,Novel Bio Cyclone Media,180.0
CLTR1YI76BVWVAQZWZS4XM3QMKZTCJ4,B1,PLT12V3H4WNRSR6CWJ7A72ODORU7EI,CellAI Tutorial Experiment Plate,Active,CLTR1IRTGMCXOWUZEASFX4GDDGRTY5A,2026-03-14T22:23:17.971450+00:00,0.4867,486700000,Novel Bio Cyclone Media,100.0
CLTR1HROM7ML5BDRZOKXG5WPHV4YW5A,B10,PLT12V3H4WNRSR6CWJ7A72ODORU7EI,CellAI Tutorial Experiment Plate,Active,CLTR1IRTGMCXOWUZEASFX4GDDGRTY5A,2026-03-14T22:23:17.971450+00:00,0.1193,119300000,Novel Bio Cyclone Media,190.0
CLTR16ECOHAVVNFKRWZ2PNN6AMCBXAA,B2,PLT12V3H4WNRSR6CWJ7A72ODORU7EI,CellAI Tutorial Experiment Plate,Active,CLTR1IRTGMCXOWUZEASFX4GDDGRTY5A,2026-03-14T22:23:17.971450+00:00,0.4271,427100000,Novel Bio Cyclone Media,110.0
CLTR157PBJ2NCFCVS5TTH2S5Z3THYCM,B3,PLT12V3H4WNRSR6CWJ7A72ODORU7EI,CellAI Tutorial Experiment Plate,Active,CLTR1IRTGMCXOWUZEASFX4GDDGRTY5A,2026-03-14T22:23:17.971450+00:00,0.5071,507100000,Novel Bio Cyclone Media,120.0
CLTR1FOJTKHJ436JPSSREUVUYJ45KWI,B4,PLT12V3H4WNRSR6CWJ7A72ODORU7EI,CellAI Tutorial Experiment Plate,Active,CLTR1IRTGMCXOWUZEASFX4GDDGRTY5A,2026-03-14T22:23:17.971450+00:00,0.5344,534400000,Novel Bio Cyclone Media,130.0
CLTR1U2EA3G4VSGS7HVUVD745MVE2QE,B5,PLT12V3H4WNRSR6CWJ7A72ODORU7EI,CellAI Tutorial Experiment Plate,Active,CLTR1IRTGMCXOWUZEASFX4GDDGRTY5A,2026-03-14T22:23:17.971450+00:00,0.5586,558600000,Novel Bio Cyclone Media,140.0
CLTR1OERDUF5FHAJLFFJ2GHEVOIGYU4,B6,PLT12V3H4WNRSR6CWJ7A72ODORU7EI,CellAI Tutorial Experiment Plate,Active,CLTR1IRTGMCXOWUZEASFX4GDDGRTY5A,2026-03-14T22:23:17.971450+00:00,0.5091,509100000,Novel Bio Cyclone Media,150.0
CLTR1YQ5ASLTE5ZVEGZ5TPTYWMWHZRI,B7,PLT12V3H4WNRSR6CWJ7A72ODORU7EI,CellAI Tutorial Experiment Plate,Active,CLTR1IRTGMCXOWUZEASFX4GDDGRTY5A,2026-03-14T22:23:17.971450+00:00,0.4833,483300000,Novel Bio Cyclone Media,160.0
CLTR1IIC7BJGUOZZKKYK766XMFNAZGA,B8,PLT12V3H4WNRSR6CWJ7A72ODORU7EI,CellAI Tutorial Experiment Plate,Active,CLTR1IRTGMCXOWUZEASFX4GDDGRTY5A,2026-03-14T22:23:17.971450+00:00,0.4181,418100000,Novel Bio Cyclone Media,170.0
CLTR145AHWNFBYLCWSAMJYTAODILLKI,B9,PLT12V3H4WNRSR6CWJ7A72ODORU7EI,CellAI Tutorial Experiment Plate,Active,CLTR1IRTGMCXOWUZEASFX4GDDGRTY5A,2026-03-14T22:23:17.971450+00:00,0.1327,132700000,Novel Bio Cyclone Media,180.0
CLTR1EXQSSZOFR3MOJ6WQ4VZ2R6SKQU,C1,PLT12V3H4WNRSR6CWJ7A72ODORU7EI,CellAI Tutorial Experiment Plate,Active,CLTR1IRTGMCXOWUZEASFX4GDDGRTY5A,2026-03-14T22:23:17.971450+00:00,0.4278,427800000,Novel Bio Cyclone Media,100.0
CLTR1CWOXXPS4HLNE6EC7MTGL3IHMQQ,C10,PLT12V3H4WNRSR6CWJ7A72ODORU7EI,CellAI Tutorial Experiment Plate,Active,CLTR1IRTGMCXOWUZEASFX4GDDGRTY5A,2026-03-14T22:23:17.971450+00:00,0.1207,120700000,Novel Bio Cyclone Media,190.0
CLTR124P26R5BOSBZDUH2RV7XNOLXGI,C2,PLT12V3H4WNRSR6CWJ7A72ODORU7EI,CellAI Tutorial Experiment Plate,Active,CLTR1IRTGMCXOWUZEASFX4GDDGRTY5A,2026-03-14T22:23:17.971450+00:00,0.4595,459500000,Novel Bio Cyclone Media,110.0
CLTR1Z2MYIFXADXGY4P24WTQVM42POY,C3,PLT12V3H4WNRSR6CWJ7A72ODORU7EI,CellAI Tutorial Experiment Plate,Active,CLTR1IRTGMCXOWUZEASFX4GDDGRTY5A,2026-03-14T22:23:17.971450+00:00,0.5098,509800000,Novel Bio Cyclone Media,120.0
CLTR1W4DLUZYG5BTMEK67UIQPZW422A,C4,PLT12V3H4WNRSR6CWJ7A72ODORU7EI,CellAI Tutorial Experiment Plate,Active,CLTR1IRTGMCXOWUZEASFX4GDDGRTY5A,2026-03-14T22:23:17.971450+00:00,0.5386,538600000,Novel Bio Cyclone Media,130.0
CLTR1P2O3JTOLUHBHPWDWRFJGR5PYEM,C5,PLT12V3H4WNRSR6CWJ7A72ODORU7EI,CellAI Tutorial Experiment Plate,Active,CLTR1IRTGMCXOWUZEASFX4GDDGRTY5A,2026-03-14T22:23:17.971450+00:00,0.5492,549200000,Novel Bio Cyclone Media,140.0
CLTR1TOEYEASD22ES7GT5D25NSD54CY,C6,PLT12V3H4WNRSR6CWJ7A72ODORU7EI,CellAI Tutorial Experiment Plate,Active,CLTR1IRTGMCXOWUZEASFX4GDDGRTY5A,2026-03-14T22:23:17.971450+00:00,0.5035,503499999,Novel Bio Cyclone Media,150.0
CLTR1LVMVCQ3LFT37NUOPLLC6Q3VWFU,C7,PLT12V3H4WNRSR6CWJ7A72ODORU7EI,CellAI Tutorial Experiment Plate,Active,CLTR1IRTGMCXOWUZEASFX4GDDGRTY5A,2026-03-14T22:23:17.971450+00:00,0.4783,478300000,Novel Bio Cyclone Media,160.0
CLTR1IXGNBBOBIU6LJFAGEQRJXSZ3DQ,C8,PLT12V3H4WNRSR6CWJ7A72ODORU7EI,CellAI Tutorial Experiment Plate,Active,CLTR1IRTGMCXOWUZEASFX4GDDGRTY5A,2026-03-14T22:23:17.971450+00:00,0.1261,126099999,Novel Bio Cyclone Media,170.0
CLTR13AZJC4U6LCAN47ALF42C7CX2IM,C9,PLT12V3H4WNRSR6CWJ7A72ODORU7EI,CellAI Tutorial Experiment Plate,Active,CLTR1IRTGMCXOWUZEASFX4GDDGRTY5A,2026-03-14T22:23:17.971450+00:00,0.1253,125300000,Novel Bio Cyclone Media,180.0
CLTR15OQ6PNR25CGRXFLX3TL5LCI2ZA,A1,PLT12V3H4WNRSR6CWJ7A72ODORU7EI,CellAI Tutorial Experiment Plate,Active,CLTR1IRTGMCXOWUZEASFX4GDDGRTY5A,2026-03-14T22:33:14.653980+00:00,0.992,992000000,Novel Bio Cyclone Media,100.0
CLTR1XVNY6Q4UJ5N4EUHKE6Y6CVDUAM,A10,PLT12V3H4WNRSR6CWJ7A72ODORU7EI,CellAI Tutorial Experiment Plate,Active,CLTR1IRTGMCXOWUZEASFX4GDDGRTY5A,2026-03-14T22:33:14.653980+00:00,0.1251,125099999,Novel Bio Cyclone Media,190.0
CLTR1PQGY2ZT5O6IYCKJ5SAWSTRVEXU,A2,PLT12V3H4WNRSR6CWJ7A72ODORU7EI,CellAI Tutorial Experiment Plate,Active,CLTR1IRTGMCXOWUZEASFX4GDDGRTY5A,2026-03-14T22:33:14.653980+00:00,0.4414,441400000,Novel Bio Cyclone Media,110.0
CLTR1IO562YQATWTC5AHBTO4S7VA4XI,A3,PLT12V3H4WNRSR6CWJ7A72ODORU7EI,CellAI Tutorial Experiment Plate,Active,CLTR1IRTGMCXOWUZEASFX4GDDGRTY5A,2026-03-14T22:33:14.653980+00:00,0.4787,478700000,Novel Bio Cyclone Media,120.0
CLTR1CYTMQDTCMLVV7CRLI5FE3JK7DU,A4,PLT12V3H4WNRSR6CWJ7A72ODORU7EI,CellAI Tutorial Experiment Plate,Active,CLTR1IRTGMCXOWUZEASFX4GDDGRTY5A,2026-03-14T22:33:14.653980+00:00,0.5047,504700000,Novel Bio Cyclone Media,130.0
CLTR1C3YUS4JUNHGGAEWQLXE3PQOZL4,A5,PLT12V3H4WNRSR6CWJ7A72ODORU7EI,CellAI Tutorial Experiment Plate,Active,CLTR1IRTGMCXOWUZEASFX4GDDGRTY5A,2026-03-14T22:33:14.653980+00:00,0.5279,527900000,Novel Bio Cyclone Media,140.0
CLTR1CBGYVMJEVHBYGOLDDRLXWQTI7Q,A6,PLT12V3H4WNRSR6CWJ7A72ODORU7EI,CellAI Tutorial Experiment Plate,Active,CLTR1IRTGMCXOWUZEASFX4GDDGRTY5A,2026-03-14T22:33:14.653980+00:00,0.5291,529100000,Novel Bio Cyclone Media,150.0
CLTR17A3C7NJQCNAMEDQGD4GRR4QJWM,A7,PLT12V3H4WNRSR6CWJ7A72ODORU7EI,CellAI Tutorial Experiment Plate,Active,CLTR1IRTGMCXOWUZEASFX4GDDGRTY5A,2026-03-14T22:33:14.653980+00:00,0.4711,471100000,Novel Bio Cyclone Media,160.0
CLTR1BYR7V63KLDAQGIHAXEB4HLXVCQ,A8,PLT12V3H4WNRSR6CWJ7A72ODORU7EI,CellAI Tutorial Experiment Plate,Active,CLTR1IRTGMCXOWUZEASFX4GDDGRTY5A,2026-03-14T22:33:14.653980+00:00,0.4557,455700000,Novel Bio Cyclone Media,170.0
CLTR1GRBZMHO44PKSBTJFEB4WAB3XBE,A9,PLT12V3H4WNRSR6CWJ7A72ODORU7EI,CellAI Tutorial Experiment Plate,Active,CLTR1IRTGMCXOWUZEASFX4GDDGRTY5A,2026-03-14T22:33:14.653980+00:00,0.1154,115400000,Novel Bio Cyclone Media,180.0
CLTR1YI76BVWVAQZWZS4XM3QMKZTCJ4,B1,PLT12V3H4WNRSR6CWJ7A72ODORU7EI,CellAI Tutorial Experiment Plate,Active,CLTR1IRTGMCXOWUZEASFX4GDDGRTY5A,2026-03-14T22:33:14.653980+00:00,0.5101,510100000,Novel Bio Cyclone Media,100.0
CLTR1HROM7ML5BDRZOKXG5WPHV4YW5A,B10,PLT12V3H4WNRSR6CWJ7A72ODORU7EI,CellAI Tutorial Experiment Plate,Active,CLTR1IRTGMCXOWUZEASFX4GDDGRTY5A,2026-03-14T22:33:14.653980+00:00,0.1246,124600000,Novel Bio Cyclone Media,190.0
CLTR16ECOHAVVNFKRWZ2PNN6AMCBXAA,B2,PLT12V3H4WNRSR6CWJ7A72ODORU7EI,CellAI Tutorial Experiment Plate,Active,CLTR1IRTGMCXOWUZEASFX4GDDGRTY5A,2026-03-14T22:33:14.653980+00:00,0.4303,430300000,Novel Bio Cyclone Media,110.0
CLTR157PBJ2NCFCVS5TTH2S5Z3THYCM,B3,PLT12V3H4WNRSR6CWJ7A72ODORU7EI,CellAI Tutorial Experiment Plate,Active,CLTR1IRTGMCXOWUZEASFX4GDDGRTY5A,2026-03-14T22:33:14.653980+00:00,0.5154,515399999,Novel Bio Cyclone Media,120.0
CLTR1FOJTKHJ436JPSSREUVUYJ45KWI,B4,PLT12V3H4WNRSR6CWJ7A72ODORU7EI,CellAI Tutorial Experiment Plate,Active,CLTR1IRTGMCXOWUZEASFX4GDDGRTY5A,2026-03-14T22:33:14.653980+00:00,0.5399,539900000,Novel Bio Cyclone Media,130.0
CLTR1U2EA3G4VSGS7HVUVD745MVE2QE,B5,PLT12V3H4WNRSR6CWJ7A72ODORU7EI,CellAI Tutorial Experiment Plate,Active,CLTR1IRTGMCXOWUZEASFX4GDDGRTY5A,2026-03-14T22:33:14.653980+00:00,0.5673,567300000,Novel Bio Cyclone Media,140.0
CLTR1OERDUF5FHAJLFFJ2GHEVOIGYU4,B6,PLT12V3H4WNRSR6CWJ7A72ODORU7EI,CellAI Tutorial Experiment Plate,Active,CLTR1IRTGMCXOWUZEASFX4GDDGRTY5A,2026-03-14T22:33:14.653980+00:00,0.5098,509800000,Novel Bio Cyclone Media,150.0
CLTR1YQ5ASLTE5ZVEGZ5TPTYWMWHZRI,B7,PLT12V3H4WNRSR6CWJ7A72ODORU7EI,CellAI Tutorial Experiment Plate,Active,CLTR1IRTGMCXOWUZEASFX4GDDGRTY5A,2026-03-14T22:33:14.653980+00:00,0.4726,472600000,Novel Bio Cyclone Media,160.0
CLTR1IIC7BJGUOZZKKYK766XMFNAZGA,B8,PLT12V3H4WNRSR6CWJ7A72ODORU7EI,CellAI Tutorial Experiment Plate,Active,CLTR1IRTGMCXOWUZEASFX4GDDGRTY5A,2026-03-14T22:33:14.653980+00:00,0.4318,431800000,Novel Bio Cyclone Media,170.0
CLTR145AHWNFBYLCWSAMJYTAODILLKI,B9,PLT12V3H4WNRSR6CWJ7A72ODORU7EI,CellAI Tutorial Experiment Plate,Active,CLTR1IRTGMCXOWUZEASFX4GDDGRTY5A,2026-03-14T22:33:14.653980+00:00,0.1322,132200000,Novel Bio Cyclone Media,180.0
CLTR1EXQSSZOFR3MOJ6WQ4VZ2R6SKQU,C1,PLT12V3H4WNRSR6CWJ7A72ODORU7EI,CellAI Tutorial Experiment Plate,Active,CLTR1IRTGMCXOWUZEASFX4GDDGRTY5A,2026-03-14T22:33:14.653980+00:00,0.4419,441900000,Novel Bio Cyclone Media,100.0
CLTR1CWOXXPS4HLNE6EC7MTGL3IHMQQ,C10,PLT12V3H4WNRSR6CWJ7A72ODORU7EI,CellAI Tutorial Experiment Plate,Active,CLTR1IRTGMCXOWUZEASFX4GDDGRTY5A,2026-03-14T22:33:14.653980+00:00,0.127,127000000,Novel Bio Cyclone Media,190.0
CLTR124P26R5BOSBZDUH2RV7XNOLXGI,C2,PLT12V3H4WNRSR6CWJ7A72ODORU7EI,CellAI Tutorial Experiment Plate,Active,CLTR1IRTGMCXOWUZEASFX4GDDGRTY5A,2026-03-14T22:33:14.653980+00:00,0.4659,465900000,Novel Bio Cyclone Media,110.0
CLTR1Z2MYIFXADXGY4P24WTQVM42POY,C3,PLT12V3H4WNRSR6CWJ7A72ODORU7EI,CellAI Tutorial Experiment Plate,Active,CLTR1IRTGMCXOWUZEASFX4GDDGRTY5A,2026-03-14T22:33:14.653980+00:00,0.5287,528699999,Novel Bio Cyclone Media,120.0
CLTR1W4DLUZYG5BTMEK67UIQPZW422A,C4,PLT12V3H4WNRSR6CWJ7A72ODORU7EI,CellAI Tutorial Experiment Plate,Active,CLTR1IRTGMCXOWUZEASFX4GDDGRTY5A,2026-03-14T22:33:14.653980+00:00,0.5411,541100000,Novel Bio Cyclone Media,130.0
CLTR1P2O3JTOLUHBHPWDWRFJGR5PYEM,C5,PLT12V3H4WNRSR6CWJ7A72ODORU7EI,CellAI Tutorial Experiment Plate,Active,CLTR1IRTGMCXOWUZEASFX4GDDGRTY5A,2026-03-14T22:33:14.653980+00:00,0.5577,557700000,Novel Bio Cyclone Media,140.0
CLTR1TOEYEASD22ES7GT5D25NSD54CY,C6,PLT12V3H4WNRSR6CWJ7A72ODORU7EI,CellAI Tutorial Experiment Plate,Active,CLTR1IRTGMCXOWUZEASFX4GDDGRTY5A,2026-03-14T22:33:14.653980+00:00,0.5042,504200000,Novel Bio Cyclone Media,150.0
CLTR1LVMVCQ3LFT37NUOPLLC6Q3VWFU,C7,PLT12V3H4WNRSR6CWJ7A72ODORU7EI,CellAI Tutorial Experiment Plate,Active,CLTR1IRTGMCXOWUZEASFX4GDDGRTY5A,2026-03-14T22:33:14.653980+00:00,0.4755,475500000,Novel Bio Cyclone Media,160.0
CLTR1IXGNBBOBIU6LJFAGEQRJXSZ3DQ,C8,PLT12V3H4WNRSR6CWJ7A72ODORU7EI,CellAI Tutorial Experiment Plate,Active,CLTR1IRTGMCXOWUZEASFX4GDDGRTY5A,2026-03-14T22:33:14.653980+00:00,0.1339,133899999,Novel Bio Cyclone Media,170.0
CLTR13AZJC4U6LCAN47ALF42C7CX2IM,C9,PLT12V3H4WNRSR6CWJ7A72ODORU7EI,CellAI Tutorial Experiment Plate,Active,CLTR1IRTGMCXOWUZEASFX4GDDGRTY5A,2026-03-14T22:33:14.653980+00:00,0.1326,132600000,Novel Bio Cyclone Media,180.0
CLTR15OQ6PNR25CGRXFLX3TL5LCI2ZA,A1,PLT12V3H4WNRSR6CWJ7A72ODORU7EI,CellAI Tutorial Experiment Plate,Active,CLTR1IRTGMCXOWUZEASFX4GDDGRTY5A,2026-03-14T22:43:15.058386+00:00,1.0616,1061600000,Novel Bio Cyclone Media,100.0
CLTR1XVNY6Q4UJ5N4EUHKE6Y6CVDUAM,A10,PLT12V3H4WNRSR6CWJ7A72ODORU7EI,CellAI Tutorial Experiment Plate,Active,CLTR1IRTGMCXOWUZEASFX4GDDGRTY5A,2026-03-14T22:43:15.058386+00:00,0.1314,131399999,Novel Bio Cyclone Media,190.0
CLTR1PQGY2ZT5O6IYCKJ5SAWSTRVEXU,A2,PLT12V3H4WNRSR6CWJ7A72ODORU7EI,CellAI Tutorial Experiment Plate,Active,CLTR1IRTGMCXOWUZEASFX4GDDGRTY5A,2026-03-14T22:43:15.058386+00:00,0.4611,461100000,Novel Bio Cyclone Media,110.0
CLTR1IO562YQATWTC5AHBTO4S7VA4XI,A3,PLT12V3H4WNRSR6CWJ7A72ODORU7EI,CellAI Tutorial Experiment Plate,Active,CLTR1IRTGMCXOWUZEASFX4GDDGRTY5A,2026-03-14T22:43:15.058386+00:00,0.4939,493900000,Novel Bio Cyclone Media,120.0
CLTR1CYTMQDTCMLVV7CRLI5FE3JK7DU,A4,PLT12V3H4WNRSR6CWJ7A72ODORU7EI,CellAI Tutorial Experiment Plate,Active,CLTR1IRTGMCXOWUZEASFX4GDDGRTY5A,2026-03-14T22:43:15.058386+00:00,0.5132,513200000,Novel Bio Cyclone Media,130.0
CLTR1C3YUS4JUNHGGAEWQLXE3PQOZL4,A5,PLT12V3H4WNRSR6CWJ7A72ODORU7EI,CellAI Tutorial Experiment Plate,Active,CLTR1IRTGMCXOWUZEASFX4GDDGRTY5A,2026-03-14T22:43:15.058386+00:00,0.542,542000000,Novel Bio Cyclone Media,140.0
CLTR1CBGYVMJEVHBYGOLDDRLXWQTI7Q,A6,PLT12V3H4WNRSR6CWJ7A72ODORU7EI,CellAI Tutorial Experiment Plate,Active,CLTR1IRTGMCXOWUZEASFX4GDDGRTY5A,2026-03-14T22:43:15.058386+00:00,0.5486,548600000,Novel Bio Cyclone Media,150.0
CLTR17A3C7NJQCNAMEDQGD4GRR4QJWM,A7,PLT12V3H4WNRSR6CWJ7A72ODORU7EI,CellAI Tutorial Experiment Plate,Active,CLTR1IRTGMCXOWUZEASFX4GDDGRTY5A,2026-03-14T22:43:15.058386+00:00,0.4756,475600000,Novel Bio Cyclone Media,160.0
CLTR1BYR7V63KLDAQGIHAXEB4HLXVCQ,A8,PLT12V3H4WNRSR6CWJ7A72ODORU7EI,CellAI Tutorial Experiment Plate,Active,CLTR1IRTGMCXOWUZEASFX4GDDGRTY5A,2026-03-14T22:43:15.058386+00:00,0.4609,460900000,Novel Bio Cyclone Media,170.0
CLTR1GRBZMHO44PKSBTJFEB4WAB3XBE,A9,PLT12V3H4WNRSR6CWJ7A72ODORU7EI,CellAI Tutorial Experiment Plate,Active,CLTR1IRTGMCXOWUZEASFX4GDDGRTY5A,2026-03-14T22:43:15.058386+00:00,0.1223,122300000,Novel Bio Cyclone Media,180.0
CLTR1YI76BVWVAQZWZS4XM3QMKZTCJ4,B1,PLT12V3H4WNRSR6CWJ7A72ODORU7EI,CellAI Tutorial Experiment Plate,Active,CLTR1IRTGMCXOWUZEASFX4GDDGRTY5A,2026-03-14T22:43:15.058386+00:00,0.5359,535900000,Novel Bio Cyclone Media,100.0
CLTR1HROM7ML5BDRZOKXG5WPHV4YW5A,B10,PLT12V3H4WNRSR6CWJ7A72ODORU7EI,CellAI Tutorial Experiment Plate,Active,CLTR1IRTGMCXOWUZEASFX4GDDGRTY5A,2026-03-14T22:43:15.058386+00:00,0.1324,132399999,Novel Bio Cyclone Media,190.0
CLTR16ECOHAVVNFKRWZ2PNN6AMCBXAA,B2,PLT12V3H4WNRSR6CWJ7A72ODORU7EI,CellAI Tutorial Experiment Plate,Active,CLTR1IRTGMCXOWUZEASFX4GDDGRTY5A,2026-03-14T22:43:15.058386+00:00,0.4368,436800000,Novel Bio Cyclone Media,110.0
CLTR157PBJ2NCFCVS5TTH2S5Z3THYCM,B3,PLT12V3H4WNRSR6CWJ7A72ODORU7EI,CellAI Tutorial Experiment Plate,Active,CLTR1IRTGMCXOWUZEASFX4GDDGRTY5A,2026-03-14T22:43:15.058386+00:00,0.5253,525300000,Novel Bio Cyclone Media,120.0
CLTR1FOJTKHJ436JPSSREUVUYJ45KWI,B4,PLT12V3H4WNRSR6CWJ7A72ODORU7EI,CellAI Tutorial Experiment Plate,Active,CLTR1IRTGMCXOWUZEASFX4GDDGRTY5A,2026-03-14T22:43:15.058386+00:00,0.5464,546400000,Novel Bio Cyclone Media,130.0
CLTR1U2EA3G4VSGS7HVUVD745MVE2QE,B5,PLT12V3H4WNRSR6CWJ7A72ODORU7EI,CellAI Tutorial Experiment Plate,Active,CLTR1IRTGMCXOWUZEASFX4GDDGRTY5A,2026-03-14T22:43:15.058386+00:00,0.5725,572500000,Novel Bio Cyclone Media,140.0
CLTR1OERDUF5FHAJLFFJ2GHEVOIGYU4,B6,PLT12V3H4WNRSR6CWJ7A72ODORU7EI,CellAI Tutorial Experiment Plate,Active,CLTR1IRTGMCXOWUZEASFX4GDDGRTY5A,2026-03-14T22:43:15.058386+00:00,0.5172,517200000,Novel Bio Cyclone Media,150.0
CLTR1YQ5ASLTE5ZVEGZ5TPTYWMWHZRI,B7,PLT12V3H4WNRSR6CWJ7A72ODORU7EI,CellAI Tutorial Experiment Plate,Active,CLTR1IRTGMCXOWUZEASFX4GDDGRTY5A,2026-03-14T22:43:15.058386+00:00,0.4759,475900000,Novel Bio Cyclone Media,160.0
CLTR1IIC7BJGUOZZKKYK766XMFNAZGA,B8,PLT12V3H4WNRSR6CWJ7A72ODORU7EI,CellAI Tutorial Experiment Plate,Active,CLTR1IRTGMCXOWUZEASFX4GDDGRTY5A,2026-03-14T22:43:15.058386+00:00,0.4197,419700000,Novel Bio Cyclone Media,170.0
CLTR145AHWNFBYLCWSAMJYTAODILLKI,B9,PLT12V3H4WNRSR6CWJ7A72ODORU7EI,CellAI Tutorial Experiment Plate,Active,CLTR1IRTGMCXOWUZEASFX4GDDGRTY5A,2026-03-14T22:43:15.058386+00:00,0.1397,139700000,Novel Bio Cyclone Media,180.0
CLTR1EXQSSZOFR3MOJ6WQ4VZ2R6SKQU,C1,PLT12V3H4WNRSR6CWJ7A72ODORU7EI,CellAI Tutorial Experiment Plate,Active,CLTR1IRTGMCXOWUZEASFX4GDDGRTY5A,2026-03-14T22:43:15.058386+00:00,0.4588,458800000,Novel Bio Cyclone Media,100.0
CLTR1CWOXXPS4HLNE6EC7MTGL3IHMQQ,C10,PLT12V3H4WNRSR6CWJ7A72ODORU7EI,CellAI Tutorial Experiment Plate,Active,CLTR1IRTGMCXOWUZEASFX4GDDGRTY5A,2026-03-14T22:43:15.058386+00:00,0.1339,133899999,Novel Bio Cyclone Media,190.0
CLTR124P26R5BOSBZDUH2RV7XNOLXGI,C2,PLT12V3H4WNRSR6CWJ7A72ODORU7EI,CellAI Tutorial Experiment Plate,Active,CLTR1IRTGMCXOWUZEASFX4GDDGRTY5A,2026-03-14T22:43:15.058386+00:00,0.4791,479100000,Novel Bio Cyclone Media,110.0
CLTR1Z2MYIFXADXGY4P24WTQVM42POY,C3,PLT12V3H4WNRSR6CWJ7A72ODORU7EI,CellAI Tutorial Experiment Plate,Active,CLTR1IRTGMCXOWUZEASFX4GDDGRTY5A,2026-03-14T22:43:15.058386+00:00,0.5496,549600000,Novel Bio Cyclone Media,120.0
CLTR1W4DLUZYG5BTMEK67UIQPZW422A,C4,PLT12V3H4WNRSR6CWJ7A72ODORU7EI,CellAI Tutorial Experiment Plate,Active,CLTR1IRTGMCXOWUZEASFX4GDDGRTY5A,2026-03-14T22:43:15.058386+00:00,0.5546,554600000,Novel Bio Cyclone Media,130.0
CLTR1P2O3JTOLUHBHPWDWRFJGR5PYEM,C5,PLT12V3H4WNRSR6CWJ7A72ODORU7EI,CellAI Tutorial Experiment Plate,Active,CLTR1IRTGMCXOWUZEASFX4GDDGRTY5A,2026-03-14T22:43:15.058386+00:00,0.5667,566700000,Novel Bio Cyclone Media,140.0
CLTR1TOEYEASD22ES7GT5D25NSD54CY,C6,PLT12V3H4WNRSR6CWJ7A72ODORU7EI,CellAI Tutorial Experiment Plate,Active,CLTR1IRTGMCXOWUZEASFX4GDDGRTY5A,2026-03-14T22:43:15.058386+00:00,0.5143,514300000,Novel Bio Cyclone Media,150.0
CLTR1LVMVCQ3LFT37NUOPLLC6Q3VWFU,C7,PLT12V3H4WNRSR6CWJ7A72ODORU7EI,CellAI Tutorial Experiment Plate,Active,CLTR1IRTGMCXOWUZEASFX4GDDGRTY5A,2026-03-14T22:43:15.058386+00:00,0.4849,484900000,Novel Bio Cyclone Media,160.0
CLTR1IXGNBBOBIU6LJFAGEQRJXSZ3DQ,C8,PLT12V3H4WNRSR6CWJ7A72ODORU7EI,CellAI Tutorial Experiment Plate,Active,CLTR1IRTGMCXOWUZEASFX4GDDGRTY5A,2026-03-14T22:43:15.058386+00:00,0.1456,145600000,Novel Bio Cyclone Media,170.0
CLTR13AZJC4U6LCAN47ALF42C7CX2IM,C9,PLT12V3H4WNRSR6CWJ7A72ODORU7EI,CellAI Tutorial Experiment Plate,Active,CLTR1IRTGMCXOWUZEASFX4GDDGRTY5A,2026-03-14T22:43:15.058386+00:00,0.1437,143700000,Novel Bio Cyclone Media,180.0
CLTR15OQ6PNR25CGRXFLX3TL5LCI2ZA,A1,PLT12V3H4WNRSR6CWJ7A72ODORU7EI,CellAI Tutorial Experiment Plate,Active,CLTR1IRTGMCXOWUZEASFX4GDDGRTY5A,2026-03-14T22:53:15.301508+00:00,1.1293,1129300000,Novel Bio Cyclone Media,100.0
CLTR1XVNY6Q4UJ5N4EUHKE6Y6CVDUAM,A10,PLT12V3H4WNRSR6CWJ7A72ODORU7EI,CellAI Tutorial Experiment Plate,Active,CLTR1IRTGMCXOWUZEASFX4GDDGRTY5A,2026-03-14T22:53:15.301508+00:00,0.1424,142400000,Novel Bio Cyclone Media,190.0
CLTR1PQGY2ZT5O6IYCKJ5SAWSTRVEXU,A2,PLT12V3H4WNRSR6CWJ7A72ODORU7EI,CellAI Tutorial Experiment Plate,Active,CLTR1IRTGMCXOWUZEASFX4GDDGRTY5A,2026-03-14T22:53:15.301508+00:00,0.4824,482400000,Novel Bio Cyclone Media,110.0
CLTR1IO562YQATWTC5AHBTO4S7VA4XI,A3,PLT12V3H4WNRSR6CWJ7A72ODORU7EI,CellAI Tutorial Experiment Plate,Active,CLTR1IRTGMCXOWUZEASFX4GDDGRTY5A,2026-03-14T22:53:15.301508+00:00,0.5116,511600000,Novel Bio Cyclone Media,120.0
CLTR1CYTMQDTCMLVV7CRLI5FE3JK7DU,A4,PLT12V3H4WNRSR6CWJ7A72ODORU7EI,CellAI Tutorial Experiment Plate,Active,CLTR1IRTGMCXOWUZEASFX4GDDGRTY5A,2026-03-14T22:53:15.301508+00:00,0.5313,531300000,Novel Bio Cyclone Media,130.0
CLTR1C3YUS4JUNHGGAEWQLXE3PQOZL4,A5,PLT12V3H4WNRSR6CWJ7A72ODORU7EI,CellAI Tutorial Experiment Plate,Active,CLTR1IRTGMCXOWUZEASFX4GDDGRTY5A,2026-03-14T22:53:15.301508+00:00,0.5604,560400000,Novel Bio Cyclone Media,140.0
CLTR1CBGYVMJEVHBYGOLDDRLXWQTI7Q,A6,PLT12V3H4WNRSR6CWJ7A72ODORU7EI,CellAI Tutorial Experiment Plate,Active,CLTR1IRTGMCXOWUZEASFX4GDDGRTY5A,2026-03-14T22:53:15.301508+00:00,0.572,572000000,Novel Bio Cyclone Media,150.0
CLTR17A3C7NJQCNAMEDQGD4GRR4QJWM,A7,PLT12V3H4WNRSR6CWJ7A72ODORU7EI,CellAI Tutorial Experiment Plate,Active,CLTR1IRTGMCXOWUZEASFX4GDDGRTY5A,2026-03-14T22:53:15.301508+00:00,0.4887,488700000,Novel Bio Cyclone Media,160.0
CLTR1BYR7V63KLDAQGIHAXEB4HLXVCQ,A8,PLT12V3H4WNRSR6CWJ7A72ODORU7EI,CellAI Tutorial Experiment Plate,Active,CLTR1IRTGMCXOWUZEASFX4GDDGRTY5A,2026-03-14T22:53:15.301508+00:00,0.4862,486200000,Novel Bio Cyclone Media,170.0
CLTR1GRBZMHO44PKSBTJFEB4WAB3XBE,A9,PLT12V3H4WNRSR6CWJ7A72ODORU7EI,CellAI Tutorial Experiment Plate,Active,CLTR1IRTGMCXOWUZEASFX4GDDGRTY5A,2026-03-14T22:53:15.301508+00:00,0.1315,131500000,Novel Bio Cyclone Media,180.0
CLTR1YI76BVWVAQZWZS4XM3QMKZTCJ4,B1,PLT12V3H4WNRSR6CWJ7A72ODORU7EI,CellAI Tutorial Experiment Plate,Active,CLTR1IRTGMCXOWUZEASFX4GDDGRTY5A,2026-03-14T22:53:15.301508+00:00,0.5626,562600000,Novel Bio Cyclone Media,100.0
CLTR1HROM7ML5BDRZOKXG5WPHV4YW5A,B10,PLT12V3H4WNRSR6CWJ7A72ODORU7EI,CellAI Tutorial Experiment Plate,Active,CLTR1IRTGMCXOWUZEASFX4GDDGRTY5A,2026-03-14T22:53:15.301508+00:00,0.143,143000000,Novel Bio Cyclone Media,190.0
CLTR16ECOHAVVNFKRWZ2PNN6AMCBXAA,B2,PLT12V3H4WNRSR6CWJ7A72ODORU7EI,CellAI Tutorial Experiment Plate,Active,CLTR1IRTGMCXOWUZEASFX4GDDGRTY5A,2026-03-14T22:53:15.301508+00:00,0.4469,446900000,Novel Bio Cyclone Media,110.0
CLTR157PBJ2NCFCVS5TTH2S5Z3THYCM,B3,PLT12V3H4WNRSR6CWJ7A72ODORU7EI,CellAI Tutorial Experiment Plate,Active,CLTR1IRTGMCXOWUZEASFX4GDDGRTY5A,2026-03-14T22:53:15.301508+00:00,0.5462,546200000,Novel Bio Cyclone Media,120.0
CLTR1FOJTKHJ436JPSSREUVUYJ45KWI,B4,PLT12V3H4WNRSR6CWJ7A72ODORU7EI,CellAI Tutorial Experiment Plate,Active,CLTR1IRTGMCXOWUZEASFX4GDDGRTY5A,2026-03-14T22:53:15.301508+00:00,0.5634,563400000,Novel Bio Cyclone Media,130.0
CLTR1U2EA3G4VSGS7HVUVD745MVE2QE,B5,PLT12V3H4WNRSR6CWJ7A72ODORU7EI,CellAI Tutorial Experiment Plate,Active,CLTR1IRTGMCXOWUZEASFX4GDDGRTY5A,2026-03-14T22:53:15.301508+00:00,0.5896,589600000,Novel Bio Cyclone Media,140.0
CLTR1OERDUF5FHAJLFFJ2GHEVOIGYU4,B6,PLT12V3H4WNRSR6CWJ7A72ODORU7EI,CellAI Tutorial Experiment Plate,Active,CLTR1IRTGMCXOWUZEASFX4GDDGRTY5A,2026-03-14T22:53:15.301508+00:00,0.5357,535699999,Novel Bio Cyclone Media,150.0
CLTR1YQ5ASLTE5ZVEGZ5TPTYWMWHZRI,B7,PLT12V3H4WNRSR6CWJ7A72ODORU7EI,CellAI Tutorial Experiment Plate,Active,CLTR1IRTGMCXOWUZEASFX4GDDGRTY5A,2026-03-14T22:53:15.301508+00:00,0.4916,491600000,Novel Bio Cyclone Media,160.0
CLTR1IIC7BJGUOZZKKYK766XMFNAZGA,B8,PLT12V3H4WNRSR6CWJ7A72ODORU7EI,CellAI Tutorial Experiment Plate,Active,CLTR1IRTGMCXOWUZEASFX4GDDGRTY5A,2026-03-14T22:53:15.301508+00:00,0.4324,432400000,Novel Bio Cyclone Media,170.0
CLTR145AHWNFBYLCWSAMJYTAODILLKI,B9,PLT12V3H4WNRSR6CWJ7A72ODORU7EI,CellAI Tutorial Experiment Plate,Active,CLTR1IRTGMCXOWUZEASFX4GDDGRTY5A,2026-03-14T22:53:15.301508+00:00,0.1527,152700000,Novel Bio Cyclone Media,180.0
CLTR1EXQSSZOFR3MOJ6WQ4VZ2R6SKQU,C1,PLT12V3H4WNRSR6CWJ7A72ODORU7EI,CellAI Tutorial Experiment Plate,Active,CLTR1IRTGMCXOWUZEASFX4GDDGRTY5A,2026-03-14T22:53:15.301508+00:00,0.4733,473300000,Novel Bio Cyclone Media,100.0
CLTR1CWOXXPS4HLNE6EC7MTGL3IHMQQ,C10,PLT12V3H4WNRSR6CWJ7A72ODORU7EI,CellAI Tutorial Experiment Plate,Active,CLTR1IRTGMCXOWUZEASFX4GDDGRTY5A,2026-03-14T22:53:15.301508+00:00,0.1438,143800000,Novel Bio Cyclone Media,190.0
CLTR124P26R5BOSBZDUH2RV7XNOLXGI,C2,PLT12V3H4WNRSR6CWJ7A72ODORU7EI,CellAI Tutorial Experiment Plate,Active,CLTR1IRTGMCXOWUZEASFX4GDDGRTY5A,2026-03-14T22:53:15.301508+00:00,0.4887,488700000,Novel Bio Cyclone Media,110.0
CLTR1Z2MYIFXADXGY4P24WTQVM42POY,C3,PLT12V3H4WNRSR6CWJ7A72ODORU7EI,CellAI Tutorial Experiment Plate,Active,CLTR1IRTGMCXOWUZEASFX4GDDGRTY5A,2026-03-14T22:53:15.301508+00:00,0.5696,569600000,Novel Bio Cyclone Media,120.0
CLTR1W4DLUZYG5BTMEK67UIQPZW422A,C4,PLT12V3H4WNRSR6CWJ7A72ODORU7EI,CellAI Tutorial Experiment Plate,Active,CLTR1IRTGMCXOWUZEASFX4GDDGRTY5A,2026-03-14T22:53:15.301508+00:00,0.5746,574600000,Novel Bio Cyclone Media,130.0
CLTR1P2O3JTOLUHBHPWDWRFJGR5PYEM,C5,PLT12V3H4WNRSR6CWJ7A72ODORU7EI,CellAI Tutorial Experiment Plate,Active,CLTR1IRTGMCXOWUZEASFX4GDDGRTY5A,2026-03-14T22:53:15.301508+00:00,0.5845,584500000,Novel Bio Cyclone Media,140.0
CLTR1TOEYEASD22ES7GT5D25NSD54CY,C6,PLT12V3H4WNRSR6CWJ7A72ODORU7EI,CellAI Tutorial Experiment Plate,Active,CLTR1IRTGMCXOWUZEASFX4GDDGRTY5A,2026-03-14T22:53:15.301508+00:00,0.5298,529800000,Novel Bio Cyclone Media,150.0
CLTR1LVMVCQ3LFT37NUOPLLC6Q3VWFU,C7,PLT12V3H4WNRSR6CWJ7A72ODORU7EI,CellAI Tutorial Experiment Plate,Active,CLTR1IRTGMCXOWUZEASFX4GDDGRTY5A,2026-03-14T22:53:15.301508+00:00,0.503,503000000,Novel Bio Cyclone Media,160.0
CLTR1IXGNBBOBIU6LJFAGEQRJXSZ3DQ,C8,PLT12V3H4WNRSR6CWJ7A72ODORU7EI,CellAI Tutorial Experiment Plate,Active,CLTR1IRTGMCXOWUZEASFX4GDDGRTY5A,2026-03-14T22:53:15.301508+00:00,0.1649,164900000,Novel Bio Cyclone Media,170.0
CLTR13AZJC4U6LCAN47ALF42C7CX2IM,C9,PLT12V3H4WNRSR6CWJ7A72ODORU7EI,CellAI Tutorial Experiment Plate,Active,CLTR1IRTGMCXOWUZEASFX4GDDGRTY5A,2026-03-14T22:53:15.301508+00:00,0.1599,159900000,Novel Bio Cyclone Media,180.0
CLTR15OQ6PNR25CGRXFLX3TL5LCI2ZA,A1,PLT12V3H4WNRSR6CWJ7A72ODORU7EI,CellAI Tutorial Experiment Plate,Active,CLTR1IRTGMCXOWUZEASFX4GDDGRTY5A,2026-03-14T23:03:17.327650+00:00,1.2128,1212800000,Novel Bio Cyclone Media,100.0
CLTR1XVNY6Q4UJ5N4EUHKE6Y6CVDUAM,A10,PLT12V3H4WNRSR6CWJ7A72ODORU7EI,CellAI Tutorial Experiment Plate,Active,CLTR1IRTGMCXOWUZEASFX4GDDGRTY5A,2026-03-14T23:03:17.327650+00:00,0.1595,159500000,Novel Bio Cyclone Media,190.0
CLTR1PQGY2ZT5O6IYCKJ5SAWSTRVEXU,A2,PLT12V3H4WNRSR6CWJ7A72ODORU7EI,CellAI Tutorial Experiment Plate,Active,CLTR1IRTGMCXOWUZEASFX4GDDGRTY5A,2026-03-14T23:03:17.327650+00:00,0.5062,506200000,Novel Bio Cyclone Media,110.0
CLTR1IO562YQATWTC5AHBTO4S7VA4XI,A3,PLT12V3H4WNRSR6CWJ7A72ODORU7EI,CellAI Tutorial Experiment Plate,Active,CLTR1IRTGMCXOWUZEASFX4GDDGRTY5A,2026-03-14T23:03:17.327650+00:00,0.5338,533800000,Novel Bio Cyclone Media,120.0
CLTR1CYTMQDTCMLVV7CRLI5FE3JK7DU,A4,PLT12V3H4WNRSR6CWJ7A72ODORU7EI,CellAI Tutorial Experiment Plate,Active,CLTR1IRTGMCXOWUZEASFX4GDDGRTY5A,2026-03-14T23:03:17.327650+00:00,0.5506,550600000,Novel Bio Cyclone Media,130.0
CLTR1C3YUS4JUNHGGAEWQLXE3PQOZL4,A5,PLT12V3H4WNRSR6CWJ7A72ODORU7EI,CellAI Tutorial Experiment Plate,Active,CLTR1IRTGMCXOWUZEASFX4GDDGRTY5A,2026-03-14T23:03:17.327650+00:00,0.5803,580300000,Novel Bio Cyclone Media,140.0
CLTR1CBGYVMJEVHBYGOLDDRLXWQTI7Q,A6,PLT12V3H4WNRSR6CWJ7A72ODORU7EI,CellAI Tutorial Experiment Plate,Active,CLTR1IRTGMCXOWUZEASFX4GDDGRTY5A,2026-03-14T23:03:17.327650+00:00,0.6045,604500000,Novel Bio Cyclone Media,150.0
CLTR17A3C7NJQCNAMEDQGD4GRR4QJWM,A7,PLT12V3H4WNRSR6CWJ7A72ODORU7EI,CellAI Tutorial Experiment Plate,Active,CLTR1IRTGMCXOWUZEASFX4GDDGRTY5A,2026-03-14T23:03:17.327650+00:00,0.5047,504700000,Novel Bio Cyclone Media,160.0
CLTR1BYR7V63KLDAQGIHAXEB4HLXVCQ,A8,PLT12V3H4WNRSR6CWJ7A72ODORU7EI,CellAI Tutorial Experiment Plate,Active,CLTR1IRTGMCXOWUZEASFX4GDDGRTY5A,2026-03-14T23:03:17.327650+00:00,0.5113,511300000,Novel Bio Cyclone Media,170.0
CLTR1GRBZMHO44PKSBTJFEB4WAB3XBE,A9,PLT12V3H4WNRSR6CWJ7A72ODORU7EI,CellAI Tutorial Experiment Plate,Active,CLTR1IRTGMCXOWUZEASFX4GDDGRTY5A,2026-03-14T23:03:17.327650+00:00,0.146,146000000,Novel Bio Cyclone Media,180.0
CLTR1YI76BVWVAQZWZS4XM3QMKZTCJ4,B1,PLT12V3H4WNRSR6CWJ7A72ODORU7EI,CellAI Tutorial Experiment Plate,Active,CLTR1IRTGMCXOWUZEASFX4GDDGRTY5A,2026-03-14T23:03:17.327650+00:00,0.5951,595100000,Novel Bio Cyclone Media,100.0
CLTR1HROM7ML5BDRZOKXG5WPHV4YW5A,B10,PLT12V3H4WNRSR6CWJ7A72ODORU7EI,CellAI Tutorial Experiment Plate,Active,CLTR1IRTGMCXOWUZEASFX4GDDGRTY5A,2026-03-14T23:03:17.327650+00:00,0.1601,160100000,Novel Bio Cyclone Media,190.0
CLTR16ECOHAVVNFKRWZ2PNN6AMCBXAA,B2,PLT12V3H4WNRSR6CWJ7A72ODORU7EI,CellAI Tutorial Experiment Plate,Active,CLTR1IRTGMCXOWUZEASFX4GDDGRTY5A,2026-03-14T23:03:17.327650+00:00,0.4599,459900000,Novel Bio Cyclone Media,110.0
CLTR157PBJ2NCFCVS5TTH2S5Z3THYCM,B3,PLT12V3H4WNRSR6CWJ7A72ODORU7EI,CellAI Tutorial Experiment Plate,Active,CLTR1IRTGMCXOWUZEASFX4GDDGRTY5A,2026-03-14T23:03:17.327650+00:00,0.5649,564900000,Novel Bio Cyclone Media,120.0
CLTR1FOJTKHJ436JPSSREUVUYJ45KWI,B4,PLT12V3H4WNRSR6CWJ7A72ODORU7EI,CellAI Tutorial Experiment Plate,Active,CLTR1IRTGMCXOWUZEASFX4GDDGRTY5A,2026-03-14T23:03:17.327650+00:00,0.5814,581400000,Novel Bio Cyclone Media,130.0
CLTR1U2EA3G4VSGS7HVUVD745MVE2QE,B5,PLT12V3H4WNRSR6CWJ7A72ODORU7EI,CellAI Tutorial Experiment Plate,Active,CLTR1IRTGMCXOWUZEASFX4GDDGRTY5A,2026-03-14T23:03:17.327650+00:00,0.6092,609200000,Novel Bio Cyclone Media,140.0
CLTR1OERDUF5FHAJLFFJ2GHEVOIGYU4,B6,PLT12V3H4WNRSR6CWJ7A72ODORU7EI,CellAI Tutorial Experiment Plate,Active,CLTR1IRTGMCXOWUZEASFX4GDDGRTY5A,2026-03-14T23:03:17.327650+00:00,0.5557,555700000,Novel Bio Cyclone Media,150.0
CLTR1YQ5ASLTE5ZVEGZ5TPTYWMWHZRI,B7,PLT12V3H4WNRSR6CWJ7A72ODORU7EI,CellAI Tutorial Experiment Plate,Active,CLTR1IRTGMCXOWUZEASFX4GDDGRTY5A,2026-03-14T23:03:17.327650+00:00,0.5092,509200000,Novel Bio Cyclone Media,160.0
CLTR1IIC7BJGUOZZKKYK766XMFNAZGA,B8,PLT12V3H4WNRSR6CWJ7A72ODORU7EI,CellAI Tutorial Experiment Plate,Active,CLTR1IRTGMCXOWUZEASFX4GDDGRTY5A,2026-03-14T23:03:17.327650+00:00,0.4466,446600000,Novel Bio Cyclone Media,170.0
CLTR145AHWNFBYLCWSAMJYTAODILLKI,B9,PLT12V3H4WNRSR6CWJ7A72ODORU7EI,CellAI Tutorial Experiment Plate,Active,CLTR1IRTGMCXOWUZEASFX4GDDGRTY5A,2026-03-14T23:03:17.327650+00:00,0.1721,172100000,Novel Bio Cyclone Media,180.0
CLTR1EXQSSZOFR3MOJ6WQ4VZ2R6SKQU,C1,PLT12V3H4WNRSR6CWJ7A72ODORU7EI,CellAI Tutorial Experiment Plate,Active,CLTR1IRTGMCXOWUZEASFX4GDDGRTY5A,2026-03-14T23:03:17.327650+00:00,0.4939,493900000,Novel Bio Cyclone Media,100.0
CLTR1CWOXXPS4HLNE6EC7MTGL3IHMQQ,C10,PLT12V3H4WNRSR6CWJ7A72ODORU7EI,CellAI Tutorial Experiment Plate,Active,CLTR1IRTGMCXOWUZEASFX4GDDGRTY5A,2026-03-14T23:03:17.327650+00:00,0.1598,159800000,Novel Bio Cyclone Media,190.0
CLTR124P26R5BOSBZDUH2RV7XNOLXGI,C2,PLT12V3H4WNRSR6CWJ7A72ODORU7EI,CellAI Tutorial Experiment Plate,Active,CLTR1IRTGMCXOWUZEASFX4GDDGRTY5A,2026-03-14T23:03:17.327650+00:00,0.4987,498700000,Novel Bio Cyclone Media,110.0
CLTR1Z2MYIFXADXGY4P24WTQVM42POY,C3,PLT12V3H4WNRSR6CWJ7A72ODORU7EI,CellAI Tutorial Experiment Plate,Active,CLTR1IRTGMCXOWUZEASFX4GDDGRTY5A,2026-03-14T23:03:17.327650+00:00,0.5952,595200000,Novel Bio Cyclone Media,120.0
CLTR1W4DLUZYG5BTMEK67UIQPZW422A,C4,PLT12V3H4WNRSR6CWJ7A72ODORU7EI,CellAI Tutorial Experiment Plate,Active,CLTR1IRTGMCXOWUZEASFX4GDDGRTY5A,2026-03-14T23:03:17.327650+00:00,0.5889,588900000,Novel Bio Cyclone Media,130.0
CLTR1P2O3JTOLUHBHPWDWRFJGR5PYEM,C5,PLT12V3H4WNRSR6CWJ7A72ODORU7EI,CellAI Tutorial Experiment Plate,Active,CLTR1IRTGMCXOWUZEASFX4GDDGRTY5A,2026-03-14T23:03:17.327650+00:00,0.5999,599900000,Novel Bio Cyclone Media,140.0
CLTR1TOEYEASD22ES7GT5D25NSD54CY,C6,PLT12V3H4WNRSR6CWJ7A72ODORU7EI,CellAI Tutorial Experiment Plate,Active,CLTR1IRTGMCXOWUZEASFX4GDDGRTY5A,2026-03-14T23:03:17.327650+00:00,0.5486,548600000,Novel Bio Cyclone Media,150.0
CLTR1LVMVCQ3LFT37NUOPLLC6Q3VWFU,C7,PLT12V3H4WNRSR6CWJ7A72ODORU7EI,CellAI Tutorial Experiment Plate,Active,CLTR1IRTGMCXOWUZEASFX4GDDGRTY5A,2026-03-14T23:03:17.327650+00:00,0.5235,523499999,Novel Bio Cyclone Media,160.0
CLTR1IXGNBBOBIU6LJFAGEQRJXSZ3DQ,C8,PLT12V3H4WNRSR6CWJ7A72ODORU7EI,CellAI Tutorial Experiment Plate,Active,CLTR1IRTGMCXOWUZEASFX4GDDGRTY5A,2026-03-14T23:03:17.327650+00:00,0.1872,187200000,Novel Bio Cyclone Media,170.0
CLTR13AZJC4U6LCAN47ALF42C7CX2IM,C9,PLT12V3H4WNRSR6CWJ7A72ODORU7EI,CellAI Tutorial Experiment Plate,Active,CLTR1IRTGMCXOWUZEASFX4GDDGRTY5A,2026-03-14T23:03:17.327650+00:00,0.1863,186300000,Novel Bio Cyclone Media,180.0
CLTR15OQ6PNR25CGRXFLX3TL5LCI2ZA,A1,PLT12V3H4WNRSR6CWJ7A72ODORU7EI,CellAI Tutorial Experiment Plate,Active,CLTR1IRTGMCXOWUZEASFX4GDDGRTY5A,2026-03-14T23:13:19.625842+00:00,1.2714,1271400000,Novel Bio Cyclone Media,100.0
CLTR1XVNY6Q4UJ5N4EUHKE6Y6CVDUAM,A10,PLT12V3H4WNRSR6CWJ7A72ODORU7EI,CellAI Tutorial Experiment Plate,Active,CLTR1IRTGMCXOWUZEASFX4GDDGRTY5A,2026-03-14T23:13:19.625842+00:00,0.1828,182800000,Novel Bio Cyclone Media,190.0
CLTR1PQGY2ZT5O6IYCKJ5SAWSTRVEXU,A2,PLT12V3H4WNRSR6CWJ7A72ODORU7EI,CellAI Tutorial Experiment Plate,Active,CLTR1IRTGMCXOWUZEASFX4GDDGRTY5A,2026-03-14T23:13:19.625842+00:00,0.5321,532100000,Novel Bio Cyclone Media,110.0
CLTR1IO562YQATWTC5AHBTO4S7VA4XI,A3,PLT12V3H4WNRSR6CWJ7A72ODORU7EI,CellAI Tutorial Experiment Plate,Active,CLTR1IRTGMCXOWUZEASFX4GDDGRTY5A,2026-03-14T23:13:19.625842+00:00,0.5605,560500000,Novel Bio Cyclone Media,120.0
CLTR1CYTMQDTCMLVV7CRLI5FE3JK7DU,A4,PLT12V3H4WNRSR6CWJ7A72ODORU7EI,CellAI Tutorial Experiment Plate,Active,CLTR1IRTGMCXOWUZEASFX4GDDGRTY5A,2026-03-14T23:13:19.625842+00:00,0.5747,574700000,Novel Bio Cyclone Media,130.0
CLTR1C3YUS4JUNHGGAEWQLXE3PQOZL4,A5,PLT12V3H4WNRSR6CWJ7A72ODORU7EI,CellAI Tutorial Experiment Plate,Active,CLTR1IRTGMCXOWUZEASFX4GDDGRTY5A,2026-03-14T23:13:19.625842+00:00,0.606,606000000,Novel Bio Cyclone Media,140.0
CLTR1CBGYVMJEVHBYGOLDDRLXWQTI7Q,A6,PLT12V3H4WNRSR6CWJ7A72ODORU7EI,CellAI Tutorial Experiment Plate,Active,CLTR1IRTGMCXOWUZEASFX4GDDGRTY5A,2026-03-14T23:13:19.625842+00:00,0.639,639000000,Novel Bio Cyclone Media,150.0
CLTR17A3C7NJQCNAMEDQGD4GRR4QJWM,A7,PLT12V3H4WNRSR6CWJ7A72ODORU7EI,CellAI Tutorial Experiment Plate,Active,CLTR1IRTGMCXOWUZEASFX4GDDGRTY5A,2026-03-14T23:13:19.625842+00:00,0.5374,537400000,Novel Bio Cyclone Media,160.0
CLTR1BYR7V63KLDAQGIHAXEB4HLXVCQ,A8,PLT12V3H4WNRSR6CWJ7A72ODORU7EI,CellAI Tutorial Experiment Plate,Active,CLTR1IRTGMCXOWUZEASFX4GDDGRTY5A,2026-03-14T23:13:19.625842+00:00,0.541,541000000,Novel Bio Cyclone Media,170.0
CLTR1GRBZMHO44PKSBTJFEB4WAB3XBE,A9,PLT12V3H4WNRSR6CWJ7A72ODORU7EI,CellAI Tutorial Experiment Plate,Active,CLTR1IRTGMCXOWUZEASFX4GDDGRTY5A,2026-03-14T23:13:19.625842+00:00,0.1674,167400000,Novel Bio Cyclone Media,180.0
CLTR1YI76BVWVAQZWZS4XM3QMKZTCJ4,B1,PLT12V3H4WNRSR6CWJ7A72ODORU7EI,CellAI Tutorial Experiment Plate,Active,CLTR1IRTGMCXOWUZEASFX4GDDGRTY5A,2026-03-14T23:13:19.625842+00:00,0.6308,630800000,Novel Bio Cyclone Media,100.0
CLTR1HROM7ML5BDRZOKXG5WPHV4YW5A,B10,PLT12V3H4WNRSR6CWJ7A72ODORU7EI,CellAI Tutorial Experiment Plate,Active,CLTR1IRTGMCXOWUZEASFX4GDDGRTY5A,2026-03-14T23:13:19.625842+00:00,0.1845,184500000,Novel Bio Cyclone Media,190.0
CLTR16ECOHAVVNFKRWZ2PNN6AMCBXAA,B2,PLT12V3H4WNRSR6CWJ7A72ODORU7EI,CellAI Tutorial Experiment Plate,Active,CLTR1IRTGMCXOWUZEASFX4GDDGRTY5A,2026-03-14T23:13:19.625842+00:00,0.4786,478600000,Novel Bio Cyclone Media,110.0
CLTR157PBJ2NCFCVS5TTH2S5Z3THYCM,B3,PLT12V3H4WNRSR6CWJ7A72ODORU7EI,CellAI Tutorial Experiment Plate,Active,CLTR1IRTGMCXOWUZEASFX4GDDGRTY5A,2026-03-14T23:13:19.625842+00:00,0.5897,589700000,Novel Bio Cyclone Media,120.0
CLTR1FOJTKHJ436JPSSREUVUYJ45KWI,B4,PLT12V3H4WNRSR6CWJ7A72ODORU7EI,CellAI Tutorial Experiment Plate,Active,CLTR1IRTGMCXOWUZEASFX4GDDGRTY5A,2026-03-14T23:13:19.625842+00:00,0.6057,605700000,Novel Bio Cyclone Media,130.0
CLTR1U2EA3G4VSGS7HVUVD745MVE2QE,B5,PLT12V3H4WNRSR6CWJ7A72ODORU7EI,CellAI Tutorial Experiment Plate,Active,CLTR1IRTGMCXOWUZEASFX4GDDGRTY5A,2026-03-14T23:13:19.625842+00:00,0.6349,634900000,Novel Bio Cyclone Media,140.0
CLTR1OERDUF5FHAJLFFJ2GHEVOIGYU4,B6,PLT12V3H4WNRSR6CWJ7A72ODORU7EI,CellAI Tutorial Experiment Plate,Active,CLTR1IRTGMCXOWUZEASFX4GDDGRTY5A,2026-03-14T23:13:19.625842+00:00,0.5887,588700000,Novel Bio Cyclone Media,150.0
CLTR1YQ5ASLTE5ZVEGZ5TPTYWMWHZRI,B7,PLT12V3H4WNRSR6CWJ7A72ODORU7EI,CellAI Tutorial Experiment Plate,Active,CLTR1IRTGMCXOWUZEASFX4GDDGRTY5A,2026-03-14T23:13:19.625842+00:00,0.5422,542200000,Novel Bio Cyclone Media,160.0
CLTR1IIC7BJGUOZZKKYK766XMFNAZGA,B8,PLT12V3H4WNRSR6CWJ7A72ODORU7EI,CellAI Tutorial Experiment Plate,Active,CLTR1IRTGMCXOWUZEASFX4GDDGRTY5A,2026-03-14T23:13:19.625842+00:00,0.4761,476100000,Novel Bio Cyclone Media,170.0
CLTR145AHWNFBYLCWSAMJYTAODILLKI,B9,PLT12V3H4WNRSR6CWJ7A72ODORU7EI,CellAI Tutorial Experiment Plate,Active,CLTR1IRTGMCXOWUZEASFX4GDDGRTY5A,2026-03-14T23:13:19.625842+00:00,0.1974,197400000,Novel Bio Cyclone Media,180.0
CLTR1EXQSSZOFR3MOJ6WQ4VZ2R6SKQU,C1,PLT12V3H4WNRSR6CWJ7A72ODORU7EI,CellAI Tutorial Experiment Plate,Active,CLTR1IRTGMCXOWUZEASFX4GDDGRTY5A,2026-03-14T23:13:19.625842+00:00,0.5134,513399999,Novel Bio Cyclone Media,100.0
CLTR1CWOXXPS4HLNE6EC7MTGL3IHMQQ,C10,PLT12V3H4WNRSR6CWJ7A72ODORU7EI,CellAI Tutorial Experiment Plate,Active,CLTR1IRTGMCXOWUZEASFX4GDDGRTY5A,2026-03-14T23:13:19.625842+00:00,0.1831,183100000,Novel Bio Cyclone Media,190.0
CLTR124P26R5BOSBZDUH2RV7XNOLXGI,C2,PLT12V3H4WNRSR6CWJ7A72ODORU7EI,CellAI Tutorial Experiment Plate,Active,CLTR1IRTGMCXOWUZEASFX4GDDGRTY5A,2026-03-14T23:13:19.625842+00:00,0.5072,507200000,Novel Bio Cyclone Media,110.0
CLTR1Z2MYIFXADXGY4P24WTQVM42POY,C3,PLT12V3H4WNRSR6CWJ7A72ODORU7EI,CellAI Tutorial Experiment Plate,Active,CLTR1IRTGMCXOWUZEASFX4GDDGRTY5A,2026-03-14T23:13:19.625842+00:00,0.6222,622200000,Novel Bio Cyclone Media,120.0
CLTR1W4DLUZYG5BTMEK67UIQPZW422A,C4,PLT12V3H4WNRSR6CWJ7A72ODORU7EI,CellAI Tutorial Experiment Plate,Active,CLTR1IRTGMCXOWUZEASFX4GDDGRTY5A,2026-03-14T23:13:19.625842+00:00,0.6124,612400000,Novel Bio Cyclone Media,130.0
CLTR1P2O3JTOLUHBHPWDWRFJGR5PYEM,C5,PLT12V3H4WNRSR6CWJ7A72ODORU7EI,CellAI Tutorial Experiment Plate,Active,CLTR1IRTGMCXOWUZEASFX4GDDGRTY5A,2026-03-14T23:13:19.625842+00:00,0.6197,619700000,Novel Bio Cyclone Media,140.0
CLTR1TOEYEASD22ES7GT5D25NSD54CY,C6,PLT12V3H4WNRSR6CWJ7A72ODORU7EI,CellAI Tutorial Experiment Plate,Active,CLTR1IRTGMCXOWUZEASFX4GDDGRTY5A,2026-03-14T23:13:19.625842+00:00,0.5731,573100000,Novel Bio Cyclone Media,150.0
CLTR1LVMVCQ3LFT37NUOPLLC6Q3VWFU,C7,PLT12V3H4WNRSR6CWJ7A72ODORU7EI,CellAI Tutorial Experiment Plate,Active,CLTR1IRTGMCXOWUZEASFX4GDDGRTY5A,2026-03-14T23:13:19.625842+00:00,0.5499,549900000,Novel Bio Cyclone Media,160.0
CLTR1IXGNBBOBIU6LJFAGEQRJXSZ3DQ,C8,PLT12V3H4WNRSR6CWJ7A72ODORU7EI,CellAI Tutorial Experiment Plate,Active,CLTR1IRTGMCXOWUZEASFX4GDDGRTY5A,2026-03-14T23:13:19.625842+00:00,0.2193,219300000,Novel Bio Cyclone Media,170.0
CLTR13AZJC4U6LCAN47ALF42C7CX2IM,C9,PLT12V3H4WNRSR6CWJ7A72ODORU7EI,CellAI Tutorial Experiment Plate,Active,CLTR1IRTGMCXOWUZEASFX4GDDGRTY5A,2026-03-14T23:13:19.625842+00:00,0.2087,208700000,Novel Bio Cyclone Media,180.0
CLTR15OQ6PNR25CGRXFLX3TL5LCI2ZA,A1,PLT12V3H4WNRSR6CWJ7A72ODORU7EI,CellAI Tutorial Experiment Plate,Active,CLTR1IRTGMCXOWUZEASFX4GDDGRTY5A,2026-03-14T23:23:16.115365+00:00,1.3166,1316600000,Novel Bio Cyclone Media,100.0
CLTR1XVNY6Q4UJ5N4EUHKE6Y6CVDUAM,A10,PLT12V3H4WNRSR6CWJ7A72ODORU7EI,CellAI Tutorial Experiment Plate,Active,CLTR1IRTGMCXOWUZEASFX4GDDGRTY5A,2026-03-14T23:23:16.115365+00:00,0.2043,204300000,Novel Bio Cyclone Media,190.0
CLTR1PQGY2ZT5O6IYCKJ5SAWSTRVEXU,A2,PLT12V3H4WNRSR6CWJ7A72ODORU7EI,CellAI Tutorial Experiment Plate,Active,CLTR1IRTGMCXOWUZEASFX4GDDGRTY5A,2026-03-14T23:23:16.115365+00:00,0.5625,562500000,Novel Bio Cyclone Media,110.0
CLTR1IO562YQATWTC5AHBTO4S7VA4XI,A3,PLT12V3H4WNRSR6CWJ7A72ODORU7EI,CellAI Tutorial Experiment Plate,Active,CLTR1IRTGMCXOWUZEASFX4GDDGRTY5A,2026-03-14T23:23:16.115365+00:00,0.5865,586500000,Novel Bio Cyclone Media,120.0
CLTR1CYTMQDTCMLVV7CRLI5FE3JK7DU,A4,PLT12V3H4WNRSR6CWJ7A72ODORU7EI,CellAI Tutorial Experiment Plate,Active,CLTR1IRTGMCXOWUZEASFX4GDDGRTY5A,2026-03-14T23:23:16.115365+00:00,0.5943,594300000,Novel Bio Cyclone Media,130.0
CLTR1C3YUS4JUNHGGAEWQLXE3PQOZL4,A5,PLT12V3H4WNRSR6CWJ7A72ODORU7EI,CellAI Tutorial Experiment Plate,Active,CLTR1IRTGMCXOWUZEASFX4GDDGRTY5A,2026-03-14T23:23:16.115365+00:00,0.6272,627200000,Novel Bio Cyclone Media,140.0
CLTR1CBGYVMJEVHBYGOLDDRLXWQTI7Q,A6,PLT12V3H4WNRSR6CWJ7A72ODORU7EI,CellAI Tutorial Experiment Plate,Active,CLTR1IRTGMCXOWUZEASFX4GDDGRTY5A,2026-03-14T23:23:16.115365+00:00,0.6722,672200000,Novel Bio Cyclone Media,150.0
CLTR17A3C7NJQCNAMEDQGD4GRR4QJWM,A7,PLT12V3H4WNRSR6CWJ7A72ODORU7EI,CellAI Tutorial Experiment Plate,Active,CLTR1IRTGMCXOWUZEASFX4GDDGRTY5A,2026-03-14T23:23:16.115365+00:00,0.5707,570700000,Novel Bio Cyclone Media,160.0
CLTR1BYR7V63KLDAQGIHAXEB4HLXVCQ,A8,PLT12V3H4WNRSR6CWJ7A72ODORU7EI,CellAI Tutorial Experiment Plate,Active,CLTR1IRTGMCXOWUZEASFX4GDDGRTY5A,2026-03-14T23:23:16.115365+00:00,0.5687,568700000,Novel Bio Cyclone Media,170.0
CLTR1GRBZMHO44PKSBTJFEB4WAB3XBE,A9,PLT12V3H4WNRSR6CWJ7A72ODORU7EI,CellAI Tutorial Experiment Plate,Active,CLTR1IRTGMCXOWUZEASFX4GDDGRTY5A,2026-03-14T23:23:16.115365+00:00,0.1891,189100000,Novel Bio Cyclone Media,180.0
CLTR1YI76BVWVAQZWZS4XM3QMKZTCJ4,B1,PLT12V3H4WNRSR6CWJ7A72ODORU7EI,CellAI Tutorial Experiment Plate,Active,CLTR1IRTGMCXOWUZEASFX4GDDGRTY5A,2026-03-14T23:23:16.115365+00:00,0.6667,666700000,Novel Bio Cyclone Media,100.0
CLTR1HROM7ML5BDRZOKXG5WPHV4YW5A,B10,PLT12V3H4WNRSR6CWJ7A72ODORU7EI,CellAI Tutorial Experiment Plate,Active,CLTR1IRTGMCXOWUZEASFX4GDDGRTY5A,2026-03-14T23:23:16.115365+00:00,0.2064,206400000,Novel Bio Cyclone Media,190.0
CLTR16ECOHAVVNFKRWZ2PNN6AMCBXAA,B2,PLT12V3H4WNRSR6CWJ7A72ODORU7EI,CellAI Tutorial Experiment Plate,Active,CLTR1IRTGMCXOWUZEASFX4GDDGRTY5A,2026-03-14T23:23:16.115365+00:00,0.4939,493900000,Novel Bio Cyclone Media,110.0
CLTR157PBJ2NCFCVS5TTH2S5Z3THYCM,B3,PLT12V3H4WNRSR6CWJ7A72ODORU7EI,CellAI Tutorial Experiment Plate,Active,CLTR1IRTGMCXOWUZEASFX4GDDGRTY5A,2026-03-14T23:23:16.115365+00:00,0.6126,612600000,Novel Bio Cyclone Media,120.0
CLTR1FOJTKHJ436JPSSREUVUYJ45KWI,B4,PLT12V3H4WNRSR6CWJ7A72ODORU7EI,CellAI Tutorial Experiment Plate,Active,CLTR1IRTGMCXOWUZEASFX4GDDGRTY5A,2026-03-14T23:23:16.115365+00:00,0.629,629000000,Novel Bio Cyclone Media,130.0
CLTR1U2EA3G4VSGS7HVUVD745MVE2QE,B5,PLT12V3H4WNRSR6CWJ7A72ODORU7EI,CellAI Tutorial Experiment Plate,Active,CLTR1IRTGMCXOWUZEASFX4GDDGRTY5A,2026-03-14T23:23:16.115365+00:00,0.6571,657100000,Novel Bio Cyclone Media,140.0
CLTR1OERDUF5FHAJLFFJ2GHEVOIGYU4,B6,PLT12V3H4WNRSR6CWJ7A72ODORU7EI,CellAI Tutorial Experiment Plate,Active,CLTR1IRTGMCXOWUZEASFX4GDDGRTY5A,2026-03-14T23:23:16.115365+00:00,0.6162,616200000,Novel Bio Cyclone Media,150.0
CLTR1YQ5ASLTE5ZVEGZ5TPTYWMWHZRI,B7,PLT12V3H4WNRSR6CWJ7A72ODORU7EI,CellAI Tutorial Experiment Plate,Active,CLTR1IRTGMCXOWUZEASFX4GDDGRTY5A,2026-03-14T23:23:16.115365+00:00,0.5727,572700000,Novel Bio Cyclone Media,160.0
CLTR1IIC7BJGUOZZKKYK766XMFNAZGA,B8,PLT12V3H4WNRSR6CWJ7A72ODORU7EI,CellAI Tutorial Experiment Plate,Active,CLTR1IRTGMCXOWUZEASFX4GDDGRTY5A,2026-03-14T23:23:16.115365+00:00,0.5078,507800000,Novel Bio Cyclone Media,170.0
CLTR145AHWNFBYLCWSAMJYTAODILLKI,B9,PLT12V3H4WNRSR6CWJ7A72ODORU7EI,CellAI Tutorial Experiment Plate,Active,CLTR1IRTGMCXOWUZEASFX4GDDGRTY5A,2026-03-14T23:23:16.115365+00:00,0.2228,222800000,Novel Bio Cyclone Media,180.0
CLTR1EXQSSZOFR3MOJ6WQ4VZ2R6SKQU,C1,PLT12V3H4WNRSR6CWJ7A72ODORU7EI,CellAI Tutorial Experiment Plate,Active,CLTR1IRTGMCXOWUZEASFX4GDDGRTY5A,2026-03-14T23:23:16.115365+00:00,0.5361,536100000,Novel Bio Cyclone Media,100.0
CLTR1CWOXXPS4HLNE6EC7MTGL3IHMQQ,C10,PLT12V3H4WNRSR6CWJ7A72ODORU7EI,CellAI Tutorial Experiment Plate,Active,CLTR1IRTGMCXOWUZEASFX4GDDGRTY5A,2026-03-14T23:23:16.115365+00:00,0.2002,200200000,Novel Bio Cyclone Media,190.0
CLTR124P26R5BOSBZDUH2RV7XNOLXGI,C2,PLT12V3H4WNRSR6CWJ7A72ODORU7EI,CellAI Tutorial Experiment Plate,Active,CLTR1IRTGMCXOWUZEASFX4GDDGRTY5A,2026-03-14T23:23:16.115365+00:00,0.5177,517700000,Novel Bio Cyclone Media,110.0
CLTR1Z2MYIFXADXGY4P24WTQVM42POY,C3,PLT12V3H4WNRSR6CWJ7A72ODORU7EI,CellAI Tutorial Experiment Plate,Active,CLTR1IRTGMCXOWUZEASFX4GDDGRTY5A,2026-03-14T23:23:16.115365+00:00,0.6501,650100000,Novel Bio Cyclone Media,120.0
CLTR1W4DLUZYG5BTMEK67UIQPZW422A,C4,PLT12V3H4WNRSR6CWJ7A72ODORU7EI,CellAI Tutorial Experiment Plate,Active,CLTR1IRTGMCXOWUZEASFX4GDDGRTY5A,2026-03-14T23:23:16.115365+00:00,0.6335,633500000,Novel Bio Cyclone Media,130.0
CLTR1P2O3JTOLUHBHPWDWRFJGR5PYEM,C5,PLT12V3H4WNRSR6CWJ7A72ODORU7EI,CellAI Tutorial Experiment Plate,Active,CLTR1IRTGMCXOWUZEASFX4GDDGRTY5A,2026-03-14T23:23:16.115365+00:00,0.6388,638800000,Novel Bio Cyclone Media,140.0
CLTR1TOEYEASD22ES7GT5D25NSD54CY,C6,PLT12V3H4WNRSR6CWJ7A72ODORU7EI,CellAI Tutorial Experiment Plate,Active,CLTR1IRTGMCXOWUZEASFX4GDDGRTY5A,2026-03-14T23:23:16.115365+00:00,0.5977,597700000,Novel Bio Cyclone Media,150.0
CLTR1LVMVCQ3LFT37NUOPLLC6Q3VWFU,C7,PLT12V3H4WNRSR6CWJ7A72ODORU7EI,CellAI Tutorial Experiment Plate,Active,CLTR1IRTGMCXOWUZEASFX4GDDGRTY5A,2026-03-14T23:23:16.115365+00:00,0.5791,579100000,Novel Bio Cyclone Media,160.0
CLTR1IXGNBBOBIU6LJFAGEQRJXSZ3DQ,C8,PLT12V3H4WNRSR6CWJ7A72ODORU7EI,CellAI Tutorial Experiment Plate,Active,CLTR1IRTGMCXOWUZEASFX4GDDGRTY5A,2026-03-14T23:23:16.115365+00:00,0.2339,233900000,Novel Bio Cyclone Media,170.0
CLTR13AZJC4U6LCAN47ALF42C7CX2IM,C9,PLT12V3H4WNRSR6CWJ7A72ODORU7EI,CellAI Tutorial Experiment Plate,Active,CLTR1IRTGMCXOWUZEASFX4GDDGRTY5A,2026-03-14T23:23:16.115365+00:00,0.232,232000000,Novel Bio Cyclone Media,180.0
CLTR15OQ6PNR25CGRXFLX3TL5LCI2ZA,A1,PLT12V3H4WNRSR6CWJ7A72ODORU7EI,CellAI Tutorial Experiment Plate,Active,CLTR1IRTGMCXOWUZEASFX4GDDGRTY5A,2026-03-14T23:33:14.317659+00:00,1.3423,1342300000,Novel Bio Cyclone Media,100.0
CLTR1XVNY6Q4UJ5N4EUHKE6Y6CVDUAM,A10,PLT12V3H4WNRSR6CWJ7A72ODORU7EI,CellAI Tutorial Experiment Plate,Active,CLTR1IRTGMCXOWUZEASFX4GDDGRTY5A,2026-03-14T23:33:14.317659+00:00,0.2361,236100000,Novel Bio Cyclone Media,190.0
CLTR1PQGY2ZT5O6IYCKJ5SAWSTRVEXU,A2,PLT12V3H4WNRSR6CWJ7A72ODORU7EI,CellAI Tutorial Experiment Plate,Active,CLTR1IRTGMCXOWUZEASFX4GDDGRTY5A,2026-03-14T23:33:14.317659+00:00,0.5958,595800000,Novel Bio Cyclone Media,110.0
CLTR1IO562YQATWTC5AHBTO4S7VA4XI,A3,PLT12V3H4WNRSR6CWJ7A72ODORU7EI,CellAI Tutorial Experiment Plate,Active,CLTR1IRTGMCXOWUZEASFX4GDDGRTY5A,2026-03-14T23:33:14.317659+00:00,0.6171,617100000,Novel Bio Cyclone Media,120.0
CLTR1CYTMQDTCMLVV7CRLI5FE3JK7DU,A4,PLT12V3H4WNRSR6CWJ7A72ODORU7EI,CellAI Tutorial Experiment Plate,Active,CLTR1IRTGMCXOWUZEASFX4GDDGRTY5A,2026-03-14T23:33:14.317659+00:00,0.6173,617300000,Novel Bio Cyclone Media,130.0
CLTR1C3YUS4JUNHGGAEWQLXE3PQOZL4,A5,PLT12V3H4WNRSR6CWJ7A72ODORU7EI,CellAI Tutorial Experiment Plate,Active,CLTR1IRTGMCXOWUZEASFX4GDDGRTY5A,2026-03-14T23:33:14.317659+00:00,0.652,652000000,Novel Bio Cyclone Media,140.0
CLTR1CBGYVMJEVHBYGOLDDRLXWQTI7Q,A6,PLT12V3H4WNRSR6CWJ7A72ODORU7EI,CellAI Tutorial Experiment Plate,Active,CLTR1IRTGMCXOWUZEASFX4GDDGRTY5A,2026-03-14T23:33:14.317659+00:00,0.711,711000000,Novel Bio Cyclone Media,150.0
CLTR17A3C7NJQCNAMEDQGD4GRR4QJWM,A7,PLT12V3H4WNRSR6CWJ7A72ODORU7EI,CellAI Tutorial Experiment Plate,Active,CLTR1IRTGMCXOWUZEASFX4GDDGRTY5A,2026-03-14T23:33:14.317659+00:00,0.6055,605500000,Novel Bio Cyclone Media,160.0
CLTR1BYR7V63KLDAQGIHAXEB4HLXVCQ,A8,PLT12V3H4WNRSR6CWJ7A72ODORU7EI,CellAI Tutorial Experiment Plate,Active,CLTR1IRTGMCXOWUZEASFX4GDDGRTY5A,2026-03-14T23:33:14.317659+00:00,0.604,604000000,Novel Bio Cyclone Media,170.0
CLTR1GRBZMHO44PKSBTJFEB4WAB3XBE,A9,PLT12V3H4WNRSR6CWJ7A72ODORU7EI,CellAI Tutorial Experiment Plate,Active,CLTR1IRTGMCXOWUZEASFX4GDDGRTY5A,2026-03-14T23:33:14.317659+00:00,0.2166,216600000,Novel Bio Cyclone Media,180.0
CLTR1YI76BVWVAQZWZS4XM3QMKZTCJ4,B1,PLT12V3H4WNRSR6CWJ7A72ODORU7EI,CellAI Tutorial Experiment Plate,Active,CLTR1IRTGMCXOWUZEASFX4GDDGRTY5A,2026-03-14T23:33:14.317659+00:00,0.7089,708900000,Novel Bio Cyclone Media,100.0
CLTR1HROM7ML5BDRZOKXG5WPHV4YW5A,B10,PLT12V3H4WNRSR6CWJ7A72ODORU7EI,CellAI Tutorial Experiment Plate,Active,CLTR1IRTGMCXOWUZEASFX4GDDGRTY5A,2026-03-14T23:33:14.317659+00:00,0.2355,235500000,Novel Bio Cyclone Media,190.0
CLTR16ECOHAVVNFKRWZ2PNN6AMCBXAA,B2,PLT12V3H4WNRSR6CWJ7A72ODORU7EI,CellAI Tutorial Experiment Plate,Active,CLTR1IRTGMCXOWUZEASFX4GDDGRTY5A,2026-03-14T23:33:14.317659+00:00,0.5094,509399999,Novel Bio Cyclone Media,110.0
CLTR157PBJ2NCFCVS5TTH2S5Z3THYCM,B3,PLT12V3H4WNRSR6CWJ7A72ODORU7EI,CellAI Tutorial Experiment Plate,Active,CLTR1IRTGMCXOWUZEASFX4GDDGRTY5A,2026-03-14T23:33:14.317659+00:00,0.6378,637800000,Novel Bio Cyclone Media,120.0
CLTR1FOJTKHJ436JPSSREUVUYJ45KWI,B4,PLT12V3H4WNRSR6CWJ7A72ODORU7EI,CellAI Tutorial Experiment Plate,Active,CLTR1IRTGMCXOWUZEASFX4GDDGRTY5A,2026-03-14T23:33:14.317659+00:00,0.6559,655900000,Novel Bio Cyclone Media,130.0
CLTR1U2EA3G4VSGS7HVUVD745MVE2QE,B5,PLT12V3H4WNRSR6CWJ7A72ODORU7EI,CellAI Tutorial Experiment Plate,Active,CLTR1IRTGMCXOWUZEASFX4GDDGRTY5A,2026-03-14T23:33:14.317659+00:00,0.6839,683900000,Novel Bio Cyclone Media,140.0
CLTR1OERDUF5FHAJLFFJ2GHEVOIGYU4,B6,PLT12V3H4WNRSR6CWJ7A72ODORU7EI,CellAI Tutorial Experiment Plate,Active,CLTR1IRTGMCXOWUZEASFX4GDDGRTY5A,2026-03-14T23:33:14.317659+00:00,0.6467,646700000,Novel Bio Cyclone Media,150.0
CLTR1YQ5ASLTE5ZVEGZ5TPTYWMWHZRI,B7,PLT12V3H4WNRSR6CWJ7A72ODORU7EI,CellAI Tutorial Experiment Plate,Active,CLTR1IRTGMCXOWUZEASFX4GDDGRTY5A,2026-03-14T23:33:14.317659+00:00,0.6072,607200000,Novel Bio Cyclone Media,160.0
CLTR1IIC7BJGUOZZKKYK766XMFNAZGA,B8,PLT12V3H4WNRSR6CWJ7A72ODORU7EI,CellAI Tutorial Experiment Plate,Active,CLTR1IRTGMCXOWUZEASFX4GDDGRTY5A,2026-03-14T23:33:14.317659+00:00,0.5441,544100000,Novel Bio Cyclone Media,170.0
CLTR145AHWNFBYLCWSAMJYTAODILLKI,B9,PLT12V3H4WNRSR6CWJ7A72ODORU7EI,CellAI Tutorial Experiment Plate,Active,CLTR1IRTGMCXOWUZEASFX4GDDGRTY5A,2026-03-14T23:33:14.317659+00:00,0.2445,244500000,Novel Bio Cyclone Media,180.0
CLTR1EXQSSZOFR3MOJ6WQ4VZ2R6SKQU,C1,PLT12V3H4WNRSR6CWJ7A72ODORU7EI,CellAI Tutorial Experiment Plate,Active,CLTR1IRTGMCXOWUZEASFX4GDDGRTY5A,2026-03-14T23:33:14.317659+00:00,0.5614,561400000,Novel Bio Cyclone Media,100.0
CLTR1CWOXXPS4HLNE6EC7MTGL3IHMQQ,C10,PLT12V3H4WNRSR6CWJ7A72ODORU7EI,CellAI Tutorial Experiment Plate,Active,CLTR1IRTGMCXOWUZEASFX4GDDGRTY5A,2026-03-14T23:33:14.317659+00:00,0.2358,235800000,Novel Bio Cyclone Media,190.0
CLTR124P26R5BOSBZDUH2RV7XNOLXGI,C2,PLT12V3H4WNRSR6CWJ7A72ODORU7EI,CellAI Tutorial Experiment Plate,Active,CLTR1IRTGMCXOWUZEASFX4GDDGRTY5A,2026-03-14T23:33:14.317659+00:00,0.5303,530300000,Novel Bio Cyclone Media,110.0
CLTR1Z2MYIFXADXGY4P24WTQVM42POY,C3,PLT12V3H4WNRSR6CWJ7A72ODORU7EI,CellAI Tutorial Experiment Plate,Active,CLTR1IRTGMCXOWUZEASFX4GDDGRTY5A,2026-03-14T23:33:14.317659+00:00,0.6855,685500000,Novel Bio Cyclone Media,120.0
CLTR1W4DLUZYG5BTMEK67UIQPZW422A,C4,PLT12V3H4WNRSR6CWJ7A72ODORU7EI,CellAI Tutorial Experiment Plate,Active,CLTR1IRTGMCXOWUZEASFX4GDDGRTY5A,2026-03-14T23:33:14.317659+00:00,0.6624,662400000,Novel Bio Cyclone Media,130.0
CLTR1P2O3JTOLUHBHPWDWRFJGR5PYEM,C5,PLT12V3H4WNRSR6CWJ7A72ODORU7EI,CellAI Tutorial Experiment Plate,Active,CLTR1IRTGMCXOWUZEASFX4GDDGRTY5A,2026-03-14T23:33:14.317659+00:00,0.6652,665200000,Novel Bio Cyclone Media,140.0
CLTR1TOEYEASD22ES7GT5D25NSD54CY,C6,PLT12V3H4WNRSR6CWJ7A72ODORU7EI,CellAI Tutorial Experiment Plate,Active,CLTR1IRTGMCXOWUZEASFX4GDDGRTY5A,2026-03-14T23:33:14.317659+00:00,0.6247,624700000,Novel Bio Cyclone Media,150.0
CLTR1LVMVCQ3LFT37NUOPLLC6Q3VWFU,C7,PLT12V3H4WNRSR6CWJ7A72ODORU7EI,CellAI Tutorial Experiment Plate,Active,CLTR1IRTGMCXOWUZEASFX4GDDGRTY5A,2026-03-14T23:33:14.317659+00:00,0.609,609000000,Novel Bio Cyclone Media,160.0
CLTR1IXGNBBOBIU6LJFAGEQRJXSZ3DQ,C8,PLT12V3H4WNRSR6CWJ7A72ODORU7EI,CellAI Tutorial Experiment Plate,Active,CLTR1IRTGMCXOWUZEASFX4GDDGRTY5A,2026-03-14T23:33:14.317659+00:00,0.2529,252900000,Novel Bio Cyclone Media,170.0
CLTR13AZJC4U6LCAN47ALF42C7CX2IM,C9,PLT12V3H4WNRSR6CWJ7A72ODORU7EI,CellAI Tutorial Experiment Plate,Active,CLTR1IRTGMCXOWUZEASFX4GDDGRTY5A,2026-03-14T23:33:14.317659+00:00,0.2505,250500000,Novel Bio Cyclone Media,180.0
CLTR15OQ6PNR25CGRXFLX3TL5LCI2ZA,A1,PLT12V3H4WNRSR6CWJ7A72ODORU7EI,CellAI Tutorial Experiment Plate,Active,CLTR1IRTGMCXOWUZEASFX4GDDGRTY5A,2026-03-14T23:43:14.633503+00:00,1.3556,1355600000,Novel Bio Cyclone Media,100.0
CLTR1XVNY6Q4UJ5N4EUHKE6Y6CVDUAM,A10,PLT12V3H4WNRSR6CWJ7A72ODORU7EI,CellAI Tutorial Experiment Plate,Active,CLTR1IRTGMCXOWUZEASFX4GDDGRTY5A,2026-03-14T23:43:14.633503+00:00,0.2565,256500000,Novel Bio Cyclone Media,190.0
CLTR1PQGY2ZT5O6IYCKJ5SAWSTRVEXU,A2,PLT12V3H4WNRSR6CWJ7A72ODORU7EI,CellAI Tutorial Experiment Plate,Active,CLTR1IRTGMCXOWUZEASFX4GDDGRTY5A,2026-03-14T23:43:14.633503+00:00,0.6343,634300000,Novel Bio Cyclone Media,110.0
CLTR1IO562YQATWTC5AHBTO4S7VA4XI,A3,PLT12V3H4WNRSR6CWJ7A72ODORU7EI,CellAI Tutorial Experiment Plate,Active,CLTR1IRTGMCXOWUZEASFX4GDDGRTY5A,2026-03-14T23:43:14.633503+00:00,0.6518,651800000,Novel Bio Cyclone Media,120.0
CLTR1CYTMQDTCMLVV7CRLI5FE3JK7DU,A4,PLT12V3H4WNRSR6CWJ7A72ODORU7EI,CellAI Tutorial Experiment Plate,Active,CLTR1IRTGMCXOWUZEASFX4GDDGRTY5A,2026-03-14T23:43:14.633503+00:00,0.6445,644500000,Novel Bio Cyclone Media,130.0
CLTR1C3YUS4JUNHGGAEWQLXE3PQOZL4,A5,PLT12V3H4WNRSR6CWJ7A72ODORU7EI,CellAI Tutorial Experiment Plate,Active,CLTR1IRTGMCXOWUZEASFX4GDDGRTY5A,2026-03-14T23:43:14.633503+00:00,0.679,679000000,Novel Bio Cyclone Media,140.0
CLTR1CBGYVMJEVHBYGOLDDRLXWQTI7Q,A6,PLT12V3H4WNRSR6CWJ7A72ODORU7EI,CellAI Tutorial Experiment Plate,Active,CLTR1IRTGMCXOWUZEASFX4GDDGRTY5A,2026-03-14T23:43:14.633503+00:00,0.7531,753100000,Novel Bio Cyclone Media,150.0
CLTR17A3C7NJQCNAMEDQGD4GRR4QJWM,A7,PLT12V3H4WNRSR6CWJ7A72ODORU7EI,CellAI Tutorial Experiment Plate,Active,CLTR1IRTGMCXOWUZEASFX4GDDGRTY5A,2026-03-14T23:43:14.633503+00:00,0.6404,640400000,Novel Bio Cyclone Media,160.0
CLTR1BYR7V63KLDAQGIHAXEB4HLXVCQ,A8,PLT12V3H4WNRSR6CWJ7A72ODORU7EI,CellAI Tutorial Experiment Plate,Active,CLTR1IRTGMCXOWUZEASFX4GDDGRTY5A,2026-03-14T23:43:14.633503+00:00,0.6419,641900000,Novel Bio Cyclone Media,170.0
CLTR1GRBZMHO44PKSBTJFEB4WAB3XBE,A9,PLT12V3H4WNRSR6CWJ7A72ODORU7EI,CellAI Tutorial Experiment Plate,Active,CLTR1IRTGMCXOWUZEASFX4GDDGRTY5A,2026-03-14T23:43:14.633503+00:00,0.2362,236200000,Novel Bio Cyclone Media,180.0
CLTR1YI76BVWVAQZWZS4XM3QMKZTCJ4,B1,PLT12V3H4WNRSR6CWJ7A72ODORU7EI,CellAI Tutorial Experiment Plate,Active,CLTR1IRTGMCXOWUZEASFX4GDDGRTY5A,2026-03-14T23:43:14.633503+00:00,0.7575,757500000,Novel Bio Cyclone Media,100.0
CLTR1HROM7ML5BDRZOKXG5WPHV4YW5A,B10,PLT12V3H4WNRSR6CWJ7A72ODORU7EI,CellAI Tutorial Experiment Plate,Active,CLTR1IRTGMCXOWUZEASFX4GDDGRTY5A,2026-03-14T23:43:14.633503+00:00,0.2536,253600000,Novel Bio Cyclone Media,190.0
CLTR16ECOHAVVNFKRWZ2PNN6AMCBXAA,B2,PLT12V3H4WNRSR6CWJ7A72ODORU7EI,CellAI Tutorial Experiment Plate,Active,CLTR1IRTGMCXOWUZEASFX4GDDGRTY5A,2026-03-14T23:43:14.633503+00:00,0.5364,536400000,Novel Bio Cyclone Media,110.0
CLTR157PBJ2NCFCVS5TTH2S5Z3THYCM,B3,PLT12V3H4WNRSR6CWJ7A72ODORU7EI,CellAI Tutorial Experiment Plate,Active,CLTR1IRTGMCXOWUZEASFX4GDDGRTY5A,2026-03-14T23:43:14.633503+00:00,0.6715,671500000,Novel Bio Cyclone Media,120.0
CLTR1FOJTKHJ436JPSSREUVUYJ45KWI,B4,PLT12V3H4WNRSR6CWJ7A72ODORU7EI,CellAI Tutorial Experiment Plate,Active,CLTR1IRTGMCXOWUZEASFX4GDDGRTY5A,2026-03-14T23:43:14.633503+00:00,0.6893,689300000,Novel Bio Cyclone Media,130.0
CLTR1U2EA3G4VSGS7HVUVD745MVE2QE,B5,PLT12V3H4WNRSR6CWJ7A72ODORU7EI,CellAI Tutorial Experiment Plate,Active,CLTR1IRTGMCXOWUZEASFX4GDDGRTY5A,2026-03-14T23:43:14.633503+00:00,0.7163,716300000,Novel Bio Cyclone Media,140.0
CLTR1OERDUF5FHAJLFFJ2GHEVOIGYU4,B6,PLT12V3H4WNRSR6CWJ7A72ODORU7EI,CellAI Tutorial Experiment Plate,Active,CLTR1IRTGMCXOWUZEASFX4GDDGRTY5A,2026-03-14T23:43:14.633503+00:00,0.6811,681100000,Novel Bio Cyclone Media,150.0
CLTR1YQ5ASLTE5ZVEGZ5TPTYWMWHZRI,B7,PLT12V3H4WNRSR6CWJ7A72ODORU7EI,CellAI Tutorial Experiment Plate,Active,CLTR1IRTGMCXOWUZEASFX4GDDGRTY5A,2026-03-14T23:43:14.633503+00:00,0.6459,645900000,Novel Bio Cyclone Media,160.0
CLTR1IIC7BJGUOZZKKYK766XMFNAZGA,B8,PLT12V3H4WNRSR6CWJ7A72ODORU7EI,CellAI Tutorial Experiment Plate,Active,CLTR1IRTGMCXOWUZEASFX4GDDGRTY5A,2026-03-14T23:43:14.633503+00:00,0.5853,585300000,Novel Bio Cyclone Media,170.0
CLTR145AHWNFBYLCWSAMJYTAODILLKI,B9,PLT12V3H4WNRSR6CWJ7A72ODORU7EI,CellAI Tutorial Experiment Plate,Active,CLTR1IRTGMCXOWUZEASFX4GDDGRTY5A,2026-03-14T23:43:14.633503+00:00,0.2639,263900000,Novel Bio Cyclone Media,180.0
CLTR1EXQSSZOFR3MOJ6WQ4VZ2R6SKQU,C1,PLT12V3H4WNRSR6CWJ7A72ODORU7EI,CellAI Tutorial Experiment Plate,Active,CLTR1IRTGMCXOWUZEASFX4GDDGRTY5A,2026-03-14T23:43:14.633503+00:00,0.5892,589200000,Novel Bio Cyclone Media,100.0
CLTR1CWOXXPS4HLNE6EC7MTGL3IHMQQ,C10,PLT12V3H4WNRSR6CWJ7A72ODORU7EI,CellAI Tutorial Experiment Plate,Active,CLTR1IRTGMCXOWUZEASFX4GDDGRTY5A,2026-03-14T23:43:14.633503+00:00,0.2523,252300000,Novel Bio Cyclone Media,190.0
CLTR124P26R5BOSBZDUH2RV7XNOLXGI,C2,PLT12V3H4WNRSR6CWJ7A72ODORU7EI,CellAI Tutorial Experiment Plate,Active,CLTR1IRTGMCXOWUZEASFX4GDDGRTY5A,2026-03-14T23:43:14.633503+00:00,0.5439,543900000,Novel Bio Cyclone Media,110.0
CLTR1Z2MYIFXADXGY4P24WTQVM42POY,C3,PLT12V3H4WNRSR6CWJ7A72ODORU7EI,CellAI Tutorial Experiment Plate,Active,CLTR1IRTGMCXOWUZEASFX4GDDGRTY5A,2026-03-14T23:43:14.633503+00:00,0.7251,725100000,Novel Bio Cyclone Media,120.0
CLTR1W4DLUZYG5BTMEK67UIQPZW422A,C4,PLT12V3H4WNRSR6CWJ7A72ODORU7EI,CellAI Tutorial Experiment Plate,Active,CLTR1IRTGMCXOWUZEASFX4GDDGRTY5A,2026-03-14T23:43:14.633503+00:00,0.6875,687500000,Novel Bio Cyclone Media,130.0
CLTR1P2O3JTOLUHBHPWDWRFJGR5PYEM,C5,PLT12V3H4WNRSR6CWJ7A72ODORU7EI,CellAI Tutorial Experiment Plate,Active,CLTR1IRTGMCXOWUZEASFX4GDDGRTY5A,2026-03-14T23:43:14.633503+00:00,0.6871,687100000,Novel Bio Cyclone Media,140.0
CLTR1TOEYEASD22ES7GT5D25NSD54CY,C6,PLT12V3H4WNRSR6CWJ7A72ODORU7EI,CellAI Tutorial Experiment Plate,Active,CLTR1IRTGMCXOWUZEASFX4GDDGRTY5A,2026-03-14T23:43:14.633503+00:00,0.651,651000000,Novel Bio Cyclone Media,150.0
CLTR1LVMVCQ3LFT37NUOPLLC6Q3VWFU,C7,PLT12V3H4WNRSR6CWJ7A72ODORU7EI,CellAI Tutorial Experiment Plate,Active,CLTR1IRTGMCXOWUZEASFX4GDDGRTY5A,2026-03-14T23:43:14.633503+00:00,0.6396,639600000,Novel Bio Cyclone Media,160.0
CLTR1IXGNBBOBIU6LJFAGEQRJXSZ3DQ,C8,PLT12V3H4WNRSR6CWJ7A72ODORU7EI,CellAI Tutorial Experiment Plate,Active,CLTR1IRTGMCXOWUZEASFX4GDDGRTY5A,2026-03-14T23:43:14.633503+00:00,0.2765,276500000,Novel Bio Cyclone Media,170.0
CLTR13AZJC4U6LCAN47ALF42C7CX2IM,C9,PLT12V3H4WNRSR6CWJ7A72ODORU7EI,CellAI Tutorial Experiment Plate,Active,CLTR1IRTGMCXOWUZEASFX4GDDGRTY5A,2026-03-14T23:43:14.633503+00:00,0.2771,277100000,Novel Bio Cyclone Media,180.0
CLTR15OQ6PNR25CGRXFLX3TL5LCI2ZA,A1,PLT12V3H4WNRSR6CWJ7A72ODORU7EI,CellAI Tutorial Experiment Plate,Active,CLTR1IRTGMCXOWUZEASFX4GDDGRTY5A,2026-03-14T23:53:14.798458+00:00,1.3578,1357800000,Novel Bio Cyclone Media,100.0
CLTR1XVNY6Q4UJ5N4EUHKE6Y6CVDUAM,A10,PLT12V3H4WNRSR6CWJ7A72ODORU7EI,CellAI Tutorial Experiment Plate,Active,CLTR1IRTGMCXOWUZEASFX4GDDGRTY5A,2026-03-14T23:53:14.798458+00:00,0.2747,274700000,Novel Bio Cyclone Media,190.0
CLTR1PQGY2ZT5O6IYCKJ5SAWSTRVEXU,A2,PLT12V3H4WNRSR6CWJ7A72ODORU7EI,CellAI Tutorial Experiment Plate,Active,CLTR1IRTGMCXOWUZEASFX4GDDGRTY5A,2026-03-14T23:53:14.798458+00:00,0.6806,680600000,Novel Bio Cyclone Media,110.0
CLTR1IO562YQATWTC5AHBTO4S7VA4XI,A3,PLT12V3H4WNRSR6CWJ7A72ODORU7EI,CellAI Tutorial Experiment Plate,Active,CLTR1IRTGMCXOWUZEASFX4GDDGRTY5A,2026-03-14T23:53:14.798458+00:00,0.6872,687200000,Novel Bio Cyclone Media,120.0
CLTR1CYTMQDTCMLVV7CRLI5FE3JK7DU,A4,PLT12V3H4WNRSR6CWJ7A72ODORU7EI,CellAI Tutorial Experiment Plate,Active,CLTR1IRTGMCXOWUZEASFX4GDDGRTY5A,2026-03-14T23:53:14.798458+00:00,0.6728,672800000,Novel Bio Cyclone Media,130.0
CLTR1C3YUS4JUNHGGAEWQLXE3PQOZL4,A5,PLT12V3H4WNRSR6CWJ7A72ODORU7EI,CellAI Tutorial Experiment Plate,Active,CLTR1IRTGMCXOWUZEASFX4GDDGRTY5A,2026-03-14T23:53:14.798458+00:00,0.7096,709600000,Novel Bio Cyclone Media,140.0
CLTR1CBGYVMJEVHBYGOLDDRLXWQTI7Q,A6,PLT12V3H4WNRSR6CWJ7A72ODORU7EI,CellAI Tutorial Experiment Plate,Active,CLTR1IRTGMCXOWUZEASFX4GDDGRTY5A,2026-03-14T23:53:14.798458+00:00,0.7958,795800000,Novel Bio Cyclone Media,150.0
CLTR17A3C7NJQCNAMEDQGD4GRR4QJWM,A7,PLT12V3H4WNRSR6CWJ7A72ODORU7EI,CellAI Tutorial Experiment Plate,Active,CLTR1IRTGMCXOWUZEASFX4GDDGRTY5A,2026-03-14T23:53:14.798458+00:00,0.6773,677300000,Novel Bio Cyclone Media,160.0
CLTR1BYR7V63KLDAQGIHAXEB4HLXVCQ,A8,PLT12V3H4WNRSR6CWJ7A72ODORU7EI,CellAI Tutorial Experiment Plate,Active,CLTR1IRTGMCXOWUZEASFX4GDDGRTY5A,2026-03-14T23:53:14.798458+00:00,0.6789,678900000,Novel Bio Cyclone Media,170.0
CLTR1GRBZMHO44PKSBTJFEB4WAB3XBE,A9,PLT12V3H4WNRSR6CWJ7A72ODORU7EI,CellAI Tutorial Experiment Plate,Active,CLTR1IRTGMCXOWUZEASFX4GDDGRTY5A,2026-03-14T23:53:14.798458+00:00,0.2602,260200000,Novel Bio Cyclone Media,180.0
CLTR1YI76BVWVAQZWZS4XM3QMKZTCJ4,B1,PLT12V3H4WNRSR6CWJ7A72ODORU7EI,CellAI Tutorial Experiment Plate,Active,CLTR1IRTGMCXOWUZEASFX4GDDGRTY5A,2026-03-14T23:53:14.798458+00:00,0.8187,818700000,Novel Bio Cyclone Media,100.0
CLTR1HROM7ML5BDRZOKXG5WPHV4YW5A,B10,PLT12V3H4WNRSR6CWJ7A72ODORU7EI,CellAI Tutorial Experiment Plate,Active,CLTR1IRTGMCXOWUZEASFX4GDDGRTY5A,2026-03-14T23:53:14.798458+00:00,0.2743,274300000,Novel Bio Cyclone Media,190.0
CLTR16ECOHAVVNFKRWZ2PNN6AMCBXAA,B2,PLT12V3H4WNRSR6CWJ7A72ODORU7EI,CellAI Tutorial Experiment Plate,Active,CLTR1IRTGMCXOWUZEASFX4GDDGRTY5A,2026-03-14T23:53:14.798458+00:00,0.5577,557700000,Novel Bio Cyclone Media,110.0
CLTR157PBJ2NCFCVS5TTH2S5Z3THYCM,B3,PLT12V3H4WNRSR6CWJ7A72ODORU7EI,CellAI Tutorial Experiment Plate,Active,CLTR1IRTGMCXOWUZEASFX4GDDGRTY5A,2026-03-14T23:53:14.798458+00:00,0.7058,705800000,Novel Bio Cyclone Media,120.0
CLTR1FOJTKHJ436JPSSREUVUYJ45KWI,B4,PLT12V3H4WNRSR6CWJ7A72ODORU7EI,CellAI Tutorial Experiment Plate,Active,CLTR1IRTGMCXOWUZEASFX4GDDGRTY5A,2026-03-14T23:53:14.798458+00:00,0.7221,722100000,Novel Bio Cyclone Media,130.0
CLTR1U2EA3G4VSGS7HVUVD745MVE2QE,B5,PLT12V3H4WNRSR6CWJ7A72ODORU7EI,CellAI Tutorial Experiment Plate,Active,CLTR1IRTGMCXOWUZEASFX4GDDGRTY5A,2026-03-14T23:53:14.798458+00:00,0.7485,748500000,Novel Bio Cyclone Media,140.0
CLTR1OERDUF5FHAJLFFJ2GHEVOIGYU4,B6,PLT12V3H4WNRSR6CWJ7A72ODORU7EI,CellAI Tutorial Experiment Plate,Active,CLTR1IRTGMCXOWUZEASFX4GDDGRTY5A,2026-03-14T23:53:14.798458+00:00,0.7103,710300000,Novel Bio Cyclone Media,150.0
CLTR1YQ5ASLTE5ZVEGZ5TPTYWMWHZRI,B7,PLT12V3H4WNRSR6CWJ7A72ODORU7EI,CellAI Tutorial Experiment Plate,Active,CLTR1IRTGMCXOWUZEASFX4GDDGRTY5A,2026-03-14T23:53:14.798458+00:00,0.6789,678900000,Novel Bio Cyclone Media,160.0
CLTR1IIC7BJGUOZZKKYK766XMFNAZGA,B8,PLT12V3H4WNRSR6CWJ7A72ODORU7EI,CellAI Tutorial Experiment Plate,Active,CLTR1IRTGMCXOWUZEASFX4GDDGRTY5A,2026-03-14T23:53:14.798458+00:00,0.6211,621100000,Novel Bio Cyclone Media,170.0
CLTR145AHWNFBYLCWSAMJYTAODILLKI,B9,PLT12V3H4WNRSR6CWJ7A72ODORU7EI,CellAI Tutorial Experiment Plate,Active,CLTR1IRTGMCXOWUZEASFX4GDDGRTY5A,2026-03-14T23:53:14.798458+00:00,0.29,290000000,Novel Bio Cyclone Media,180.0
CLTR1EXQSSZOFR3MOJ6WQ4VZ2R6SKQU,C1,PLT12V3H4WNRSR6CWJ7A72ODORU7EI,CellAI Tutorial Experiment Plate,Active,CLTR1IRTGMCXOWUZEASFX4GDDGRTY5A,2026-03-14T23:53:14.798458+00:00,0.6235,623500000,Novel Bio Cyclone Media,100.0
CLTR1CWOXXPS4HLNE6EC7MTGL3IHMQQ,C10,PLT12V3H4WNRSR6CWJ7A72ODORU7EI,CellAI Tutorial Experiment Plate,Active,CLTR1IRTGMCXOWUZEASFX4GDDGRTY5A,2026-03-14T23:53:14.798458+00:00,0.2642,264200000,Novel Bio Cyclone Media,190.0
CLTR124P26R5BOSBZDUH2RV7XNOLXGI,C2,PLT12V3H4WNRSR6CWJ7A72ODORU7EI,CellAI Tutorial Experiment Plate,Active,CLTR1IRTGMCXOWUZEASFX4GDDGRTY5A,2026-03-14T23:53:14.798458+00:00,0.5587,558700000,Novel Bio Cyclone Media,110.0
CLTR1Z2MYIFXADXGY4P24WTQVM42POY,C3,PLT12V3H4WNRSR6CWJ7A72ODORU7EI,CellAI Tutorial Experiment Plate,Active,CLTR1IRTGMCXOWUZEASFX4GDDGRTY5A,2026-03-14T23:53:14.798458+00:00,0.7689,768900000,Novel Bio Cyclone Media,120.0
CLTR1W4DLUZYG5BTMEK67UIQPZW422A,C4,PLT12V3H4WNRSR6CWJ7A72ODORU7EI,CellAI Tutorial Experiment Plate,Active,CLTR1IRTGMCXOWUZEASFX4GDDGRTY5A,2026-03-14T23:53:14.798458+00:00,0.7231,723100000,Novel Bio Cyclone Media,130.0
CLTR1P2O3JTOLUHBHPWDWRFJGR5PYEM,C5,PLT12V3H4WNRSR6CWJ7A72ODORU7EI,CellAI Tutorial Experiment Plate,Active,CLTR1IRTGMCXOWUZEASFX4GDDGRTY5A,2026-03-14T23:53:14.798458+00:00,0.7163,716300000,Novel Bio Cyclone Media,140.0
CLTR1TOEYEASD22ES7GT5D25NSD54CY,C6,PLT12V3H4WNRSR6CWJ7A72ODORU7EI,CellAI Tutorial Experiment Plate,Active,CLTR1IRTGMCXOWUZEASFX4GDDGRTY5A,2026-03-14T23:53:14.798458+00:00,0.6805,680500000,Novel Bio Cyclone Media,150.0
CLTR1LVMVCQ3LFT37NUOPLLC6Q3VWFU,C7,PLT12V3H4WNRSR6CWJ7A72ODORU7EI,CellAI Tutorial Experiment Plate,Active,CLTR1IRTGMCXOWUZEASFX4GDDGRTY5A,2026-03-14T23:53:14.798458+00:00,0.6738,673800000,Novel Bio Cyclone Media,160.0
CLTR1IXGNBBOBIU6LJFAGEQRJXSZ3DQ,C8,PLT12V3H4WNRSR6CWJ7A72ODORU7EI,CellAI Tutorial Experiment Plate,Active,CLTR1IRTGMCXOWUZEASFX4GDDGRTY5A,2026-03-14T23:53:14.798458+00:00,0.291,291000000,Novel Bio Cyclone Media,170.0
CLTR13AZJC4U6LCAN47ALF42C7CX2IM,C9,PLT12V3H4WNRSR6CWJ7A72ODORU7EI,CellAI Tutorial Experiment Plate,Active,CLTR1IRTGMCXOWUZEASFX4GDDGRTY5A,2026-03-14T23:53:14.798458+00:00,0.2879,287900000,Novel Bio Cyclone Media,180.0
CLTR15OQ6PNR25CGRXFLX3TL5LCI2ZA,A1,PLT12V3H4WNRSR6CWJ7A72ODORU7EI,CellAI Tutorial Experiment Plate,Active,CLTR1IRTGMCXOWUZEASFX4GDDGRTY5A,2026-03-15T00:03:15.014658+00:00,1.3641,1364100000,Novel Bio Cyclone Media,100.0
CLTR1XVNY6Q4UJ5N4EUHKE6Y6CVDUAM,A10,PLT12V3H4WNRSR6CWJ7A72ODORU7EI,CellAI Tutorial Experiment Plate,Active,CLTR1IRTGMCXOWUZEASFX4GDDGRTY5A,2026-03-15T00:03:15.014658+00:00,0.2947,294700000,Novel Bio Cyclone Media,190.0
CLTR1PQGY2ZT5O6IYCKJ5SAWSTRVEXU,A2,PLT12V3H4WNRSR6CWJ7A72ODORU7EI,CellAI Tutorial Experiment Plate,Active,CLTR1IRTGMCXOWUZEASFX4GDDGRTY5A,2026-03-15T00:03:15.014658+00:00,0.7409,740900000,Novel Bio Cyclone Media,110.0
CLTR1IO562YQATWTC5AHBTO4S7VA4XI,A3,PLT12V3H4WNRSR6CWJ7A72ODORU7EI,CellAI Tutorial Experiment Plate,Active,CLTR1IRTGMCXOWUZEASFX4GDDGRTY5A,2026-03-15T00:03:15.014658+00:00,0.7271,727100000,Novel Bio Cyclone Media,120.0
CLTR1CYTMQDTCMLVV7CRLI5FE3JK7DU,A4,PLT12V3H4WNRSR6CWJ7A72ODORU7EI,CellAI Tutorial Experiment Plate,Active,CLTR1IRTGMCXOWUZEASFX4GDDGRTY5A,2026-03-15T00:03:15.014658+00:00,0.71,710000000,Novel Bio Cyclone Media,130.0
CLTR1C3YUS4JUNHGGAEWQLXE3PQOZL4,A5,PLT12V3H4WNRSR6CWJ7A72ODORU7EI,CellAI Tutorial Experiment Plate,Active,CLTR1IRTGMCXOWUZEASFX4GDDGRTY5A,2026-03-15T00:03:15.014658+00:00,0.7513,751300000,Novel Bio Cyclone Media,140.0
CLTR1CBGYVMJEVHBYGOLDDRLXWQTI7Q,A6,PLT12V3H4WNRSR6CWJ7A72ODORU7EI,CellAI Tutorial Experiment Plate,Active,CLTR1IRTGMCXOWUZEASFX4GDDGRTY5A,2026-03-15T00:03:15.014658+00:00,0.8423,842300000,Novel Bio Cyclone Media,150.0
CLTR17A3C7NJQCNAMEDQGD4GRR4QJWM,A7,PLT12V3H4WNRSR6CWJ7A72ODORU7EI,CellAI Tutorial Experiment Plate,Active,CLTR1IRTGMCXOWUZEASFX4GDDGRTY5A,2026-03-15T00:03:15.014658+00:00,0.7199,719900000,Novel Bio Cyclone Media,160.0
CLTR1BYR7V63KLDAQGIHAXEB4HLXVCQ,A8,PLT12V3H4WNRSR6CWJ7A72ODORU7EI,CellAI Tutorial Experiment Plate,Active,CLTR1IRTGMCXOWUZEASFX4GDDGRTY5A,2026-03-15T00:03:15.014658+00:00,0.7189,718900000,Novel Bio Cyclone Media,170.0
CLTR1GRBZMHO44PKSBTJFEB4WAB3XBE,A9,PLT12V3H4WNRSR6CWJ7A72ODORU7EI,CellAI Tutorial Experiment Plate,Active,CLTR1IRTGMCXOWUZEASFX4GDDGRTY5A,2026-03-15T00:03:15.014658+00:00,0.2802,280200000,Novel Bio Cyclone Media,180.0
CLTR1YI76BVWVAQZWZS4XM3QMKZTCJ4,B1,PLT12V3H4WNRSR6CWJ7A72ODORU7EI,CellAI Tutorial Experiment Plate,Active,CLTR1IRTGMCXOWUZEASFX4GDDGRTY5A,2026-03-15T00:03:15.014658+00:00,0.8829,882900000,Novel Bio Cyclone Media,100.0
CLTR1HROM7ML5BDRZOKXG5WPHV4YW5A,B10,PLT12V3H4WNRSR6CWJ7A72ODORU7EI,CellAI Tutorial Experiment Plate,Active,CLTR1IRTGMCXOWUZEASFX4GDDGRTY5A,2026-03-15T00:03:15.014658+00:00,0.2936,293600000,Novel Bio Cyclone Media,190.0
CLTR16ECOHAVVNFKRWZ2PNN6AMCBXAA,B2,PLT12V3H4WNRSR6CWJ7A72ODORU7EI,CellAI Tutorial Experiment Plate,Active,CLTR1IRTGMCXOWUZEASFX4GDDGRTY5A,2026-03-15T00:03:15.014658+00:00,0.5923,592300000,Novel Bio Cyclone Media,110.0
CLTR157PBJ2NCFCVS5TTH2S5Z3THYCM,B3,PLT12V3H4WNRSR6CWJ7A72ODORU7EI,CellAI Tutorial Experiment Plate,Active,CLTR1IRTGMCXOWUZEASFX4GDDGRTY5A,2026-03-15T00:03:15.014658+00:00,0.7424,742400000,Novel Bio Cyclone Media,120.0
CLTR1FOJTKHJ436JPSSREUVUYJ45KWI,B4,PLT12V3H4WNRSR6CWJ7A72ODORU7EI,CellAI Tutorial Experiment Plate,Active,CLTR1IRTGMCXOWUZEASFX4GDDGRTY5A,2026-03-15T00:03:15.014658+00:00,0.7672,767200000,Novel Bio Cyclone Media,130.0
CLTR1U2EA3G4VSGS7HVUVD745MVE2QE,B5,PLT12V3H4WNRSR6CWJ7A72ODORU7EI,CellAI Tutorial Experiment Plate,Active,CLTR1IRTGMCXOWUZEASFX4GDDGRTY5A,2026-03-15T00:03:15.014658+00:00,0.7828,782800000,Novel Bio Cyclone Media,140.0
CLTR1OERDUF5FHAJLFFJ2GHEVOIGYU4,B6,PLT12V3H4WNRSR6CWJ7A72ODORU7EI,CellAI Tutorial Experiment Plate,Active,CLTR1IRTGMCXOWUZEASFX4GDDGRTY5A,2026-03-15T00:03:15.014658+00:00,0.7531,753100000,Novel Bio Cyclone Media,150.0
CLTR1YQ5ASLTE5ZVEGZ5TPTYWMWHZRI,B7,PLT12V3H4WNRSR6CWJ7A72ODORU7EI,CellAI Tutorial Experiment Plate,Active,CLTR1IRTGMCXOWUZEASFX4GDDGRTY5A,2026-03-15T00:03:15.014658+00:00,0.7221,722100000,Novel Bio Cyclone Media,160.0
CLTR1IIC7BJGUOZZKKYK766XMFNAZGA,B8,PLT12V3H4WNRSR6CWJ7A72ODORU7EI,CellAI Tutorial Experiment Plate,Active,CLTR1IRTGMCXOWUZEASFX4GDDGRTY5A,2026-03-15T00:03:15.014658+00:00,0.663,663000000,Novel Bio Cyclone Media,170.0
CLTR145AHWNFBYLCWSAMJYTAODILLKI,B9,PLT12V3H4WNRSR6CWJ7A72ODORU7EI,CellAI Tutorial Experiment Plate,Active,CLTR1IRTGMCXOWUZEASFX4GDDGRTY5A,2026-03-15T00:03:15.014658+00:00,0.3041,304100000,Novel Bio Cyclone Media,180.0
CLTR1EXQSSZOFR3MOJ6WQ4VZ2R6SKQU,C1,PLT12V3H4WNRSR6CWJ7A72ODORU7EI,CellAI Tutorial Experiment Plate,Active,CLTR1IRTGMCXOWUZEASFX4GDDGRTY5A,2026-03-15T00:03:15.014658+00:00,0.663,663000000,Novel Bio Cyclone Media,100.0
CLTR1CWOXXPS4HLNE6EC7MTGL3IHMQQ,C10,PLT12V3H4WNRSR6CWJ7A72ODORU7EI,CellAI Tutorial Experiment Plate,Active,CLTR1IRTGMCXOWUZEASFX4GDDGRTY5A,2026-03-15T00:03:15.014658+00:00,0.2907,290700000,Novel Bio Cyclone Media,190.0
CLTR124P26R5BOSBZDUH2RV7XNOLXGI,C2,PLT12V3H4WNRSR6CWJ7A72ODORU7EI,CellAI Tutorial Experiment Plate,Active,CLTR1IRTGMCXOWUZEASFX4GDDGRTY5A,2026-03-15T00:03:15.014658+00:00,0.5742,574200000,Novel Bio Cyclone Media,110.0
CLTR1Z2MYIFXADXGY4P24WTQVM42POY,C3,PLT12V3H4WNRSR6CWJ7A72ODORU7EI,CellAI Tutorial Experiment Plate,Active,CLTR1IRTGMCXOWUZEASFX4GDDGRTY5A,2026-03-15T00:03:15.014658+00:00,0.826,826000000,Novel Bio Cyclone Media,120.0
CLTR1W4DLUZYG5BTMEK67UIQPZW422A,C4,PLT12V3H4WNRSR6CWJ7A72ODORU7EI,CellAI Tutorial Experiment Plate,Active,CLTR1IRTGMCXOWUZEASFX4GDDGRTY5A,2026-03-15T00:03:15.014658+00:00,0.7657,765700000,Novel Bio Cyclone Media,130.0
CLTR1P2O3JTOLUHBHPWDWRFJGR5PYEM,C5,PLT12V3H4WNRSR6CWJ7A72ODORU7EI,CellAI Tutorial Experiment Plate,Active,CLTR1IRTGMCXOWUZEASFX4GDDGRTY5A,2026-03-15T00:03:15.014658+00:00,0.7543,754300000,Novel Bio Cyclone Media,140.0
CLTR1TOEYEASD22ES7GT5D25NSD54CY,C6,PLT12V3H4WNRSR6CWJ7A72ODORU7EI,CellAI Tutorial Experiment Plate,Active,CLTR1IRTGMCXOWUZEASFX4GDDGRTY5A,2026-03-15T00:03:15.014658+00:00,0.7215,721500000,Novel Bio Cyclone Media,150.0
CLTR1LVMVCQ3LFT37NUOPLLC6Q3VWFU,C7,PLT12V3H4WNRSR6CWJ7A72ODORU7EI,CellAI Tutorial Experiment Plate,Active,CLTR1IRTGMCXOWUZEASFX4GDDGRTY5A,2026-03-15T00:03:15.014658+00:00,0.7124,712400000,Novel Bio Cyclone Media,160.0
CLTR1IXGNBBOBIU6LJFAGEQRJXSZ3DQ,C8,PLT12V3H4WNRSR6CWJ7A72ODORU7EI,CellAI Tutorial Experiment Plate,Active,CLTR1IRTGMCXOWUZEASFX4GDDGRTY5A,2026-03-15T00:03:15.014658+00:00,0.3008,300800000,Novel Bio Cyclone Media,170.0
CLTR13AZJC4U6LCAN47ALF42C7CX2IM,C9,PLT12V3H4WNRSR6CWJ7A72ODORU7EI,CellAI Tutorial Experiment Plate,Active,CLTR1IRTGMCXOWUZEASFX4GDDGRTY5A,2026-03-15T00:03:15.014658+00:00,0.3077,307700000,Novel Bio Cyclone Media,180.0
