culture_id,well,condition_id,plate_id,plate_barcode,status,parent_culture_id,observation_timestamp,absorbance_OD600,cell_concentration_cells_per_mL,reagent_name,reagent_volume_uL
CLTR1XYHKUWUCSG6OPAIORN3DWAELXU,B10,LB-3_1,PLT1RLOSUISCDIHOFWDWTLWCUPCOLQ,CellAI Experiment Plate,Active,CLTR1T4GWPCF4XNUORSPZMUHOTAU25Q,2026-03-15T01:53:06.299872+00:00,0.1202,120200000,Glucose,8.0
CLTR1XYHKUWUCSG6OPAIORN3DWAELXU,B10,LB-3_1,PLT1RLOSUISCDIHOFWDWTLWCUPCOLQ,CellAI Experiment Plate,Active,CLTR1T4GWPCF4XNUORSPZMUHOTAU25Q,2026-03-15T01:53:06.299872+00:00,0.1202,120200000,KH2PO4 (monobasic),8.0
CLTR1XYHKUWUCSG6OPAIORN3DWAELXU,B10,LB-3_1,PLT1RLOSUISCDIHOFWDWTLWCUPCOLQ,CellAI Experiment Plate,Active,CLTR1T4GWPCF4XNUORSPZMUHOTAU25Q,2026-03-15T01:53:06.299872+00:00,0.1202,120200000,LBv2,130.0
CLTR1XYHKUWUCSG6OPAIORN3DWAELXU,B10,LB-3_1,PLT1RLOSUISCDIHOFWDWTLWCUPCOLQ,CellAI Experiment Plate,Active,CLTR1T4GWPCF4XNUORSPZMUHOTAU25Q,2026-03-15T01:53:06.299872+00:00,0.1202,120200000,MOPS (pH 7),18.0
CLTR1XYHKUWUCSG6OPAIORN3DWAELXU,B10,LB-3_1,PLT1RLOSUISCDIHOFWDWTLWCUPCOLQ,CellAI Experiment Plate,Active,CLTR1T4GWPCF4XNUORSPZMUHOTAU25Q,2026-03-15T01:53:06.299872+00:00,0.1202,120200000,Water,16.0
CLTR1C5OOTJBWKOJ4S52VZLTA2R4OX4,B11,baseline_1,PLT1RLOSUISCDIHOFWDWTLWCUPCOLQ,CellAI Experiment Plate,Active,CLTR1T4GWPCF4XNUORSPZMUHOTAU25Q,2026-03-15T01:53:06.299872+00:00,0.1224,122400000,Novel Bio Cyclone,180.0
CLTR1WJQCQ7PHGGUPJ5W5CPMXW7NE7Y,B2,SD-1_1,PLT1RLOSUISCDIHOFWDWTLWCUPCOLQ,CellAI Experiment Plate,Active,CLTR1T4GWPCF4XNUORSPZMUHOTAU25Q,2026-03-15T01:53:06.299872+00:00,0.1606,160600000,MOPS (pH 7),11.0
CLTR1WJQCQ7PHGGUPJ5W5CPMXW7NE7Y,B2,SD-1_1,PLT1RLOSUISCDIHOFWDWTLWCUPCOLQ,CellAI Experiment Plate,Active,CLTR1T4GWPCF4XNUORSPZMUHOTAU25Q,2026-03-15T01:53:06.299872+00:00,0.1606,160600000,Semi-Defined,129.0
CLTR1WJQCQ7PHGGUPJ5W5CPMXW7NE7Y,B2,SD-1_1,PLT1RLOSUISCDIHOFWDWTLWCUPCOLQ,CellAI Experiment Plate,Active,CLTR1T4GWPCF4XNUORSPZMUHOTAU25Q,2026-03-15T01:53:06.299872+00:00,0.1606,160600000,Tryptone,26.0
CLTR1WJQCQ7PHGGUPJ5W5CPMXW7NE7Y,B2,SD-1_1,PLT1RLOSUISCDIHOFWDWTLWCUPCOLQ,CellAI Experiment Plate,Active,CLTR1T4GWPCF4XNUORSPZMUHOTAU25Q,2026-03-15T01:53:06.299872+00:00,0.1606,160600000,Yeast Extract,14.0
CLTR1BCGZVW3ZZHDXQHSPQTQEYHEZZ4,B3,SD-2_1,PLT1RLOSUISCDIHOFWDWTLWCUPCOLQ,CellAI Experiment Plate,Active,CLTR1T4GWPCF4XNUORSPZMUHOTAU25Q,2026-03-15T01:53:06.299872+00:00,0.1472,147200000,MOPS (pH 7),7.0
CLTR1BCGZVW3ZZHDXQHSPQTQEYHEZZ4,B3,SD-2_1,PLT1RLOSUISCDIHOFWDWTLWCUPCOLQ,CellAI Experiment Plate,Active,CLTR1T4GWPCF4XNUORSPZMUHOTAU25Q,2026-03-15T01:53:06.299872+00:00,0.1472,147200000,Semi-Defined,128.0
CLTR1BCGZVW3ZZHDXQHSPQTQEYHEZZ4,B3,SD-2_1,PLT1RLOSUISCDIHOFWDWTLWCUPCOLQ,CellAI Experiment Plate,Active,CLTR1T4GWPCF4XNUORSPZMUHOTAU25Q,2026-03-15T01:53:06.299872+00:00,0.1472,147200000,Tryptone,14.0
CLTR1BCGZVW3ZZHDXQHSPQTQEYHEZZ4,B3,SD-2_1,PLT1RLOSUISCDIHOFWDWTLWCUPCOLQ,CellAI Experiment Plate,Active,CLTR1T4GWPCF4XNUORSPZMUHOTAU25Q,2026-03-15T01:53:06.299872+00:00,0.1472,147200000,Water,11.0
CLTR1BCGZVW3ZZHDXQHSPQTQEYHEZZ4,B3,SD-2_1,PLT1RLOSUISCDIHOFWDWTLWCUPCOLQ,CellAI Experiment Plate,Active,CLTR1T4GWPCF4XNUORSPZMUHOTAU25Q,2026-03-15T01:53:06.299872+00:00,0.1472,147200000,Yeast Extract,20.0
CLTR1R7PC6AUHD67ETWWFP5REZSVPHM,B4,SD-3_1,PLT1RLOSUISCDIHOFWDWTLWCUPCOLQ,CellAI Experiment Plate,Active,CLTR1T4GWPCF4XNUORSPZMUHOTAU25Q,2026-03-15T01:53:06.299872+00:00,0.1561,156100000,MOPS (pH 7),9.0
CLTR1R7PC6AUHD67ETWWFP5REZSVPHM,B4,SD-3_1,PLT1RLOSUISCDIHOFWDWTLWCUPCOLQ,CellAI Experiment Plate,Active,CLTR1T4GWPCF4XNUORSPZMUHOTAU25Q,2026-03-15T01:53:06.299872+00:00,0.1561,156100000,Semi-Defined,125.0
CLTR1R7PC6AUHD67ETWWFP5REZSVPHM,B4,SD-3_1,PLT1RLOSUISCDIHOFWDWTLWCUPCOLQ,CellAI Experiment Plate,Active,CLTR1T4GWPCF4XNUORSPZMUHOTAU25Q,2026-03-15T01:53:06.299872+00:00,0.1561,156100000,Tryptone,20.0
CLTR1R7PC6AUHD67ETWWFP5REZSVPHM,B4,SD-3_1,PLT1RLOSUISCDIHOFWDWTLWCUPCOLQ,CellAI Experiment Plate,Active,CLTR1T4GWPCF4XNUORSPZMUHOTAU25Q,2026-03-15T01:53:06.299872+00:00,0.1561,156100000,Yeast Extract,26.0
CLTR1A76MBDI37SA364AHAD66FGRQ6I,B5,HB-1_1,PLT1RLOSUISCDIHOFWDWTLWCUPCOLQ,CellAI Experiment Plate,Active,CLTR1T4GWPCF4XNUORSPZMUHOTAU25Q,2026-03-15T01:53:06.299872+00:00,0.1355,135500000,High Buffer Defined,110.0
CLTR1A76MBDI37SA364AHAD66FGRQ6I,B5,HB-1_1,PLT1RLOSUISCDIHOFWDWTLWCUPCOLQ,CellAI Experiment Plate,Active,CLTR1T4GWPCF4XNUORSPZMUHOTAU25Q,2026-03-15T01:53:06.299872+00:00,0.1355,135500000,Na L-Glutamate,10.0
CLTR1A76MBDI37SA364AHAD66FGRQ6I,B5,HB-1_1,PLT1RLOSUISCDIHOFWDWTLWCUPCOLQ,CellAI Experiment Plate,Active,CLTR1T4GWPCF4XNUORSPZMUHOTAU25Q,2026-03-15T01:53:06.299872+00:00,0.1355,135500000,Tryptone,26.0
CLTR1A76MBDI37SA364AHAD66FGRQ6I,B5,HB-1_1,PLT1RLOSUISCDIHOFWDWTLWCUPCOLQ,CellAI Experiment Plate,Active,CLTR1T4GWPCF4XNUORSPZMUHOTAU25Q,2026-03-15T01:53:06.299872+00:00,0.1355,135500000,Water,20.0
CLTR1A76MBDI37SA364AHAD66FGRQ6I,B5,HB-1_1,PLT1RLOSUISCDIHOFWDWTLWCUPCOLQ,CellAI Experiment Plate,Active,CLTR1T4GWPCF4XNUORSPZMUHOTAU25Q,2026-03-15T01:53:06.299872+00:00,0.1355,135500000,Yeast Extract,14.0
CLTR1B5PDGTPFXN3CUBSBOOCU3BWCVY,B6,HB-2_1,PLT1RLOSUISCDIHOFWDWTLWCUPCOLQ,CellAI Experiment Plate,Active,CLTR1T4GWPCF4XNUORSPZMUHOTAU25Q,2026-03-15T01:53:06.299872+00:00,0.1434,143400000,High Buffer Defined,110.0
CLTR1B5PDGTPFXN3CUBSBOOCU3BWCVY,B6,HB-2_1,PLT1RLOSUISCDIHOFWDWTLWCUPCOLQ,CellAI Experiment Plate,Active,CLTR1T4GWPCF4XNUORSPZMUHOTAU25Q,2026-03-15T01:53:06.299872+00:00,0.1434,143400000,Na L-Glutamate,6.0
CLTR1B5PDGTPFXN3CUBSBOOCU3BWCVY,B6,HB-2_1,PLT1RLOSUISCDIHOFWDWTLWCUPCOLQ,CellAI Experiment Plate,Active,CLTR1T4GWPCF4XNUORSPZMUHOTAU25Q,2026-03-15T01:53:06.299872+00:00,0.1434,143400000,Tryptone,14.0
CLTR1B5PDGTPFXN3CUBSBOOCU3BWCVY,B6,HB-2_1,PLT1RLOSUISCDIHOFWDWTLWCUPCOLQ,CellAI Experiment Plate,Active,CLTR1T4GWPCF4XNUORSPZMUHOTAU25Q,2026-03-15T01:53:06.299872+00:00,0.1434,143400000,Water,30.0
CLTR1B5PDGTPFXN3CUBSBOOCU3BWCVY,B6,HB-2_1,PLT1RLOSUISCDIHOFWDWTLWCUPCOLQ,CellAI Experiment Plate,Active,CLTR1T4GWPCF4XNUORSPZMUHOTAU25Q,2026-03-15T01:53:06.299872+00:00,0.1434,143400000,Yeast Extract,20.0
CLTR1LVWKRIQS4FTGFOOCM2ZPRF4YTQ,B7,HB-3_1,PLT1RLOSUISCDIHOFWDWTLWCUPCOLQ,CellAI Experiment Plate,Active,CLTR1T4GWPCF4XNUORSPZMUHOTAU25Q,2026-03-15T01:53:06.299872+00:00,0.1479,147900000,High Buffer Defined,110.0
CLTR1LVWKRIQS4FTGFOOCM2ZPRF4YTQ,B7,HB-3_1,PLT1RLOSUISCDIHOFWDWTLWCUPCOLQ,CellAI Experiment Plate,Active,CLTR1T4GWPCF4XNUORSPZMUHOTAU25Q,2026-03-15T01:53:06.299872+00:00,0.1479,147900000,Na L-Glutamate,8.0
CLTR1LVWKRIQS4FTGFOOCM2ZPRF4YTQ,B7,HB-3_1,PLT1RLOSUISCDIHOFWDWTLWCUPCOLQ,CellAI Experiment Plate,Active,CLTR1T4GWPCF4XNUORSPZMUHOTAU25Q,2026-03-15T01:53:06.299872+00:00,0.1479,147900000,Tryptone,20.0
CLTR1LVWKRIQS4FTGFOOCM2ZPRF4YTQ,B7,HB-3_1,PLT1RLOSUISCDIHOFWDWTLWCUPCOLQ,CellAI Experiment Plate,Active,CLTR1T4GWPCF4XNUORSPZMUHOTAU25Q,2026-03-15T01:53:06.299872+00:00,0.1479,147900000,Water,16.0
CLTR1LVWKRIQS4FTGFOOCM2ZPRF4YTQ,B7,HB-3_1,PLT1RLOSUISCDIHOFWDWTLWCUPCOLQ,CellAI Experiment Plate,Active,CLTR1T4GWPCF4XNUORSPZMUHOTAU25Q,2026-03-15T01:53:06.299872+00:00,0.1479,147900000,Yeast Extract,26.0
CLTR1KQB6MMPRTUXCMMUT2SCHGR4YIY,B8,LB-1_1,PLT1RLOSUISCDIHOFWDWTLWCUPCOLQ,CellAI Experiment Plate,Active,CLTR1T4GWPCF4XNUORSPZMUHOTAU25Q,2026-03-15T01:53:06.299872+00:00,0.1155,115500000,Glucose,18.0
CLTR1KQB6MMPRTUXCMMUT2SCHGR4YIY,B8,LB-1_1,PLT1RLOSUISCDIHOFWDWTLWCUPCOLQ,CellAI Experiment Plate,Active,CLTR1T4GWPCF4XNUORSPZMUHOTAU25Q,2026-03-15T01:53:06.299872+00:00,0.1155,115500000,KH2PO4 (monobasic),10.0
CLTR1KQB6MMPRTUXCMMUT2SCHGR4YIY,B8,LB-1_1,PLT1RLOSUISCDIHOFWDWTLWCUPCOLQ,CellAI Experiment Plate,Active,CLTR1T4GWPCF4XNUORSPZMUHOTAU25Q,2026-03-15T01:53:06.299872+00:00,0.1155,115500000,LBv2,130.0
CLTR1KQB6MMPRTUXCMMUT2SCHGR4YIY,B8,LB-1_1,PLT1RLOSUISCDIHOFWDWTLWCUPCOLQ,CellAI Experiment Plate,Active,CLTR1T4GWPCF4XNUORSPZMUHOTAU25Q,2026-03-15T01:53:06.299872+00:00,0.1155,115500000,MOPS (pH 7),12.0
CLTR1KQB6MMPRTUXCMMUT2SCHGR4YIY,B8,LB-1_1,PLT1RLOSUISCDIHOFWDWTLWCUPCOLQ,CellAI Experiment Plate,Active,CLTR1T4GWPCF4XNUORSPZMUHOTAU25Q,2026-03-15T01:53:06.299872+00:00,0.1155,115500000,Water,10.0
CLTR1JOYE4LGRICP3NJ7KMVULZKXDKM,B9,LB-2_1,PLT1RLOSUISCDIHOFWDWTLWCUPCOLQ,CellAI Experiment Plate,Active,CLTR1T4GWPCF4XNUORSPZMUHOTAU25Q,2026-03-15T01:53:06.299872+00:00,0.1166,116600000,Glucose,12.0
CLTR1JOYE4LGRICP3NJ7KMVULZKXDKM,B9,LB-2_1,PLT1RLOSUISCDIHOFWDWTLWCUPCOLQ,CellAI Experiment Plate,Active,CLTR1T4GWPCF4XNUORSPZMUHOTAU25Q,2026-03-15T01:53:06.299872+00:00,0.1166,116600000,KH2PO4 (monobasic),6.0
CLTR1JOYE4LGRICP3NJ7KMVULZKXDKM,B9,LB-2_1,PLT1RLOSUISCDIHOFWDWTLWCUPCOLQ,CellAI Experiment Plate,Active,CLTR1T4GWPCF4XNUORSPZMUHOTAU25Q,2026-03-15T01:53:06.299872+00:00,0.1166,116600000,LBv2,130.0
CLTR1JOYE4LGRICP3NJ7KMVULZKXDKM,B9,LB-2_1,PLT1RLOSUISCDIHOFWDWTLWCUPCOLQ,CellAI Experiment Plate,Active,CLTR1T4GWPCF4XNUORSPZMUHOTAU25Q,2026-03-15T01:53:06.299872+00:00,0.1166,116600000,MOPS (pH 7),16.0
CLTR1JOYE4LGRICP3NJ7KMVULZKXDKM,B9,LB-2_1,PLT1RLOSUISCDIHOFWDWTLWCUPCOLQ,CellAI Experiment Plate,Active,CLTR1T4GWPCF4XNUORSPZMUHOTAU25Q,2026-03-15T01:53:06.299872+00:00,0.1166,116600000,Water,16.0
CLTR1XYHKUWUCSG6OPAIORN3DWAELXU,B10,LB-3_1,PLT1RLOSUISCDIHOFWDWTLWCUPCOLQ,CellAI Experiment Plate,Active,CLTR1T4GWPCF4XNUORSPZMUHOTAU25Q,2026-03-15T02:03:00.596871+00:00,0.1223,122300000,Glucose,8.0
CLTR1XYHKUWUCSG6OPAIORN3DWAELXU,B10,LB-3_1,PLT1RLOSUISCDIHOFWDWTLWCUPCOLQ,CellAI Experiment Plate,Active,CLTR1T4GWPCF4XNUORSPZMUHOTAU25Q,2026-03-15T02:03:00.596871+00:00,0.1223,122300000,KH2PO4 (monobasic),8.0
CLTR1XYHKUWUCSG6OPAIORN3DWAELXU,B10,LB-3_1,PLT1RLOSUISCDIHOFWDWTLWCUPCOLQ,CellAI Experiment Plate,Active,CLTR1T4GWPCF4XNUORSPZMUHOTAU25Q,2026-03-15T02:03:00.596871+00:00,0.1223,122300000,LBv2,130.0
CLTR1XYHKUWUCSG6OPAIORN3DWAELXU,B10,LB-3_1,PLT1RLOSUISCDIHOFWDWTLWCUPCOLQ,CellAI Experiment Plate,Active,CLTR1T4GWPCF4XNUORSPZMUHOTAU25Q,2026-03-15T02:03:00.596871+00:00,0.1223,122300000,MOPS (pH 7),18.0
CLTR1XYHKUWUCSG6OPAIORN3DWAELXU,B10,LB-3_1,PLT1RLOSUISCDIHOFWDWTLWCUPCOLQ,CellAI Experiment Plate,Active,CLTR1T4GWPCF4XNUORSPZMUHOTAU25Q,2026-03-15T02:03:00.596871+00:00,0.1223,122300000,Water,16.0
CLTR1C5OOTJBWKOJ4S52VZLTA2R4OX4,B11,baseline_1,PLT1RLOSUISCDIHOFWDWTLWCUPCOLQ,CellAI Experiment Plate,Active,CLTR1T4GWPCF4XNUORSPZMUHOTAU25Q,2026-03-15T02:03:00.596871+00:00,0.1264,126400000,Novel Bio Cyclone,180.0
CLTR1WJQCQ7PHGGUPJ5W5CPMXW7NE7Y,B2,SD-1_1,PLT1RLOSUISCDIHOFWDWTLWCUPCOLQ,CellAI Experiment Plate,Active,CLTR1T4GWPCF4XNUORSPZMUHOTAU25Q,2026-03-15T02:03:00.596871+00:00,0.1668,166800000,MOPS (pH 7),11.0
CLTR1WJQCQ7PHGGUPJ5W5CPMXW7NE7Y,B2,SD-1_1,PLT1RLOSUISCDIHOFWDWTLWCUPCOLQ,CellAI Experiment Plate,Active,CLTR1T4GWPCF4XNUORSPZMUHOTAU25Q,2026-03-15T02:03:00.596871+00:00,0.1668,166800000,Semi-Defined,129.0
CLTR1WJQCQ7PHGGUPJ5W5CPMXW7NE7Y,B2,SD-1_1,PLT1RLOSUISCDIHOFWDWTLWCUPCOLQ,CellAI Experiment Plate,Active,CLTR1T4GWPCF4XNUORSPZMUHOTAU25Q,2026-03-15T02:03:00.596871+00:00,0.1668,166800000,Tryptone,26.0
CLTR1WJQCQ7PHGGUPJ5W5CPMXW7NE7Y,B2,SD-1_1,PLT1RLOSUISCDIHOFWDWTLWCUPCOLQ,CellAI Experiment Plate,Active,CLTR1T4GWPCF4XNUORSPZMUHOTAU25Q,2026-03-15T02:03:00.596871+00:00,0.1668,166800000,Yeast Extract,14.0
CLTR1BCGZVW3ZZHDXQHSPQTQEYHEZZ4,B3,SD-2_1,PLT1RLOSUISCDIHOFWDWTLWCUPCOLQ,CellAI Experiment Plate,Active,CLTR1T4GWPCF4XNUORSPZMUHOTAU25Q,2026-03-15T02:03:00.596871+00:00,0.1542,154200000,MOPS (pH 7),7.0
CLTR1BCGZVW3ZZHDXQHSPQTQEYHEZZ4,B3,SD-2_1,PLT1RLOSUISCDIHOFWDWTLWCUPCOLQ,CellAI Experiment Plate,Active,CLTR1T4GWPCF4XNUORSPZMUHOTAU25Q,2026-03-15T02:03:00.596871+00:00,0.1542,154200000,Semi-Defined,128.0
CLTR1BCGZVW3ZZHDXQHSPQTQEYHEZZ4,B3,SD-2_1,PLT1RLOSUISCDIHOFWDWTLWCUPCOLQ,CellAI Experiment Plate,Active,CLTR1T4GWPCF4XNUORSPZMUHOTAU25Q,2026-03-15T02:03:00.596871+00:00,0.1542,154200000,Tryptone,14.0
CLTR1BCGZVW3ZZHDXQHSPQTQEYHEZZ4,B3,SD-2_1,PLT1RLOSUISCDIHOFWDWTLWCUPCOLQ,CellAI Experiment Plate,Active,CLTR1T4GWPCF4XNUORSPZMUHOTAU25Q,2026-03-15T02:03:00.596871+00:00,0.1542,154200000,Water,11.0
CLTR1BCGZVW3ZZHDXQHSPQTQEYHEZZ4,B3,SD-2_1,PLT1RLOSUISCDIHOFWDWTLWCUPCOLQ,CellAI Experiment Plate,Active,CLTR1T4GWPCF4XNUORSPZMUHOTAU25Q,2026-03-15T02:03:00.596871+00:00,0.1542,154200000,Yeast Extract,20.0
CLTR1R7PC6AUHD67ETWWFP5REZSVPHM,B4,SD-3_1,PLT1RLOSUISCDIHOFWDWTLWCUPCOLQ,CellAI Experiment Plate,Active,CLTR1T4GWPCF4XNUORSPZMUHOTAU25Q,2026-03-15T02:03:00.596871+00:00,0.1627,162700000,MOPS (pH 7),9.0
CLTR1R7PC6AUHD67ETWWFP5REZSVPHM,B4,SD-3_1,PLT1RLOSUISCDIHOFWDWTLWCUPCOLQ,CellAI Experiment Plate,Active,CLTR1T4GWPCF4XNUORSPZMUHOTAU25Q,2026-03-15T02:03:00.596871+00:00,0.1627,162700000,Semi-Defined,125.0
CLTR1R7PC6AUHD67ETWWFP5REZSVPHM,B4,SD-3_1,PLT1RLOSUISCDIHOFWDWTLWCUPCOLQ,CellAI Experiment Plate,Active,CLTR1T4GWPCF4XNUORSPZMUHOTAU25Q,2026-03-15T02:03:00.596871+00:00,0.1627,162700000,Tryptone,20.0
CLTR1R7PC6AUHD67ETWWFP5REZSVPHM,B4,SD-3_1,PLT1RLOSUISCDIHOFWDWTLWCUPCOLQ,CellAI Experiment Plate,Active,CLTR1T4GWPCF4XNUORSPZMUHOTAU25Q,2026-03-15T02:03:00.596871+00:00,0.1627,162700000,Yeast Extract,26.0
CLTR1A76MBDI37SA364AHAD66FGRQ6I,B5,HB-1_1,PLT1RLOSUISCDIHOFWDWTLWCUPCOLQ,CellAI Experiment Plate,Active,CLTR1T4GWPCF4XNUORSPZMUHOTAU25Q,2026-03-15T02:03:00.596871+00:00,0.1437,143700000,High Buffer Defined,110.0
CLTR1A76MBDI37SA364AHAD66FGRQ6I,B5,HB-1_1,PLT1RLOSUISCDIHOFWDWTLWCUPCOLQ,CellAI Experiment Plate,Active,CLTR1T4GWPCF4XNUORSPZMUHOTAU25Q,2026-03-15T02:03:00.596871+00:00,0.1437,143700000,Na L-Glutamate,10.0
CLTR1A76MBDI37SA364AHAD66FGRQ6I,B5,HB-1_1,PLT1RLOSUISCDIHOFWDWTLWCUPCOLQ,CellAI Experiment Plate,Active,CLTR1T4GWPCF4XNUORSPZMUHOTAU25Q,2026-03-15T02:03:00.596871+00:00,0.1437,143700000,Tryptone,26.0
CLTR1A76MBDI37SA364AHAD66FGRQ6I,B5,HB-1_1,PLT1RLOSUISCDIHOFWDWTLWCUPCOLQ,CellAI Experiment Plate,Active,CLTR1T4GWPCF4XNUORSPZMUHOTAU25Q,2026-03-15T02:03:00.596871+00:00,0.1437,143700000,Water,20.0
CLTR1A76MBDI37SA364AHAD66FGRQ6I,B5,HB-1_1,PLT1RLOSUISCDIHOFWDWTLWCUPCOLQ,CellAI Experiment Plate,Active,CLTR1T4GWPCF4XNUORSPZMUHOTAU25Q,2026-03-15T02:03:00.596871+00:00,0.1437,143700000,Yeast Extract,14.0
CLTR1B5PDGTPFXN3CUBSBOOCU3BWCVY,B6,HB-2_1,PLT1RLOSUISCDIHOFWDWTLWCUPCOLQ,CellAI Experiment Plate,Active,CLTR1T4GWPCF4XNUORSPZMUHOTAU25Q,2026-03-15T02:03:00.596871+00:00,0.1507,150700000,High Buffer Defined,110.0
CLTR1B5PDGTPFXN3CUBSBOOCU3BWCVY,B6,HB-2_1,PLT1RLOSUISCDIHOFWDWTLWCUPCOLQ,CellAI Experiment Plate,Active,CLTR1T4GWPCF4XNUORSPZMUHOTAU25Q,2026-03-15T02:03:00.596871+00:00,0.1507,150700000,Na L-Glutamate,6.0
CLTR1B5PDGTPFXN3CUBSBOOCU3BWCVY,B6,HB-2_1,PLT1RLOSUISCDIHOFWDWTLWCUPCOLQ,CellAI Experiment Plate,Active,CLTR1T4GWPCF4XNUORSPZMUHOTAU25Q,2026-03-15T02:03:00.596871+00:00,0.1507,150700000,Tryptone,14.0
CLTR1B5PDGTPFXN3CUBSBOOCU3BWCVY,B6,HB-2_1,PLT1RLOSUISCDIHOFWDWTLWCUPCOLQ,CellAI Experiment Plate,Active,CLTR1T4GWPCF4XNUORSPZMUHOTAU25Q,2026-03-15T02:03:00.596871+00:00,0.1507,150700000,Water,30.0
CLTR1B5PDGTPFXN3CUBSBOOCU3BWCVY,B6,HB-2_1,PLT1RLOSUISCDIHOFWDWTLWCUPCOLQ,CellAI Experiment Plate,Active,CLTR1T4GWPCF4XNUORSPZMUHOTAU25Q,2026-03-15T02:03:00.596871+00:00,0.1507,150700000,Yeast Extract,20.0
CLTR1LVWKRIQS4FTGFOOCM2ZPRF4YTQ,B7,HB-3_1,PLT1RLOSUISCDIHOFWDWTLWCUPCOLQ,CellAI Experiment Plate,Active,CLTR1T4GWPCF4XNUORSPZMUHOTAU25Q,2026-03-15T02:03:00.596871+00:00,0.1553,155300000,High Buffer Defined,110.0
CLTR1LVWKRIQS4FTGFOOCM2ZPRF4YTQ,B7,HB-3_1,PLT1RLOSUISCDIHOFWDWTLWCUPCOLQ,CellAI Experiment Plate,Active,CLTR1T4GWPCF4XNUORSPZMUHOTAU25Q,2026-03-15T02:03:00.596871+00:00,0.1553,155300000,Na L-Glutamate,8.0
CLTR1LVWKRIQS4FTGFOOCM2ZPRF4YTQ,B7,HB-3_1,PLT1RLOSUISCDIHOFWDWTLWCUPCOLQ,CellAI Experiment Plate,Active,CLTR1T4GWPCF4XNUORSPZMUHOTAU25Q,2026-03-15T02:03:00.596871+00:00,0.1553,155300000,Tryptone,20.0
CLTR1LVWKRIQS4FTGFOOCM2ZPRF4YTQ,B7,HB-3_1,PLT1RLOSUISCDIHOFWDWTLWCUPCOLQ,CellAI Experiment Plate,Active,CLTR1T4GWPCF4XNUORSPZMUHOTAU25Q,2026-03-15T02:03:00.596871+00:00,0.1553,155300000,Water,16.0
CLTR1LVWKRIQS4FTGFOOCM2ZPRF4YTQ,B7,HB-3_1,PLT1RLOSUISCDIHOFWDWTLWCUPCOLQ,CellAI Experiment Plate,Active,CLTR1T4GWPCF4XNUORSPZMUHOTAU25Q,2026-03-15T02:03:00.596871+00:00,0.1553,155300000,Yeast Extract,26.0
CLTR1KQB6MMPRTUXCMMUT2SCHGR4YIY,B8,LB-1_1,PLT1RLOSUISCDIHOFWDWTLWCUPCOLQ,CellAI Experiment Plate,Active,CLTR1T4GWPCF4XNUORSPZMUHOTAU25Q,2026-03-15T02:03:00.596871+00:00,0.1181,118100000,Glucose,18.0
CLTR1KQB6MMPRTUXCMMUT2SCHGR4YIY,B8,LB-1_1,PLT1RLOSUISCDIHOFWDWTLWCUPCOLQ,CellAI Experiment Plate,Active,CLTR1T4GWPCF4XNUORSPZMUHOTAU25Q,2026-03-15T02:03:00.596871+00:00,0.1181,118100000,KH2PO4 (monobasic),10.0
CLTR1KQB6MMPRTUXCMMUT2SCHGR4YIY,B8,LB-1_1,PLT1RLOSUISCDIHOFWDWTLWCUPCOLQ,CellAI Experiment Plate,Active,CLTR1T4GWPCF4XNUORSPZMUHOTAU25Q,2026-03-15T02:03:00.596871+00:00,0.1181,118100000,LBv2,130.0
CLTR1KQB6MMPRTUXCMMUT2SCHGR4YIY,B8,LB-1_1,PLT1RLOSUISCDIHOFWDWTLWCUPCOLQ,CellAI Experiment Plate,Active,CLTR1T4GWPCF4XNUORSPZMUHOTAU25Q,2026-03-15T02:03:00.596871+00:00,0.1181,118100000,MOPS (pH 7),12.0
CLTR1KQB6MMPRTUXCMMUT2SCHGR4YIY,B8,LB-1_1,PLT1RLOSUISCDIHOFWDWTLWCUPCOLQ,CellAI Experiment Plate,Active,CLTR1T4GWPCF4XNUORSPZMUHOTAU25Q,2026-03-15T02:03:00.596871+00:00,0.1181,118100000,Water,10.0
CLTR1JOYE4LGRICP3NJ7KMVULZKXDKM,B9,LB-2_1,PLT1RLOSUISCDIHOFWDWTLWCUPCOLQ,CellAI Experiment Plate,Active,CLTR1T4GWPCF4XNUORSPZMUHOTAU25Q,2026-03-15T02:03:00.596871+00:00,0.1193,119300000,Glucose,12.0
CLTR1JOYE4LGRICP3NJ7KMVULZKXDKM,B9,LB-2_1,PLT1RLOSUISCDIHOFWDWTLWCUPCOLQ,CellAI Experiment Plate,Active,CLTR1T4GWPCF4XNUORSPZMUHOTAU25Q,2026-03-15T02:03:00.596871+00:00,0.1193,119300000,KH2PO4 (monobasic),6.0
CLTR1JOYE4LGRICP3NJ7KMVULZKXDKM,B9,LB-2_1,PLT1RLOSUISCDIHOFWDWTLWCUPCOLQ,CellAI Experiment Plate,Active,CLTR1T4GWPCF4XNUORSPZMUHOTAU25Q,2026-03-15T02:03:00.596871+00:00,0.1193,119300000,LBv2,130.0
CLTR1JOYE4LGRICP3NJ7KMVULZKXDKM,B9,LB-2_1,PLT1RLOSUISCDIHOFWDWTLWCUPCOLQ,CellAI Experiment Plate,Active,CLTR1T4GWPCF4XNUORSPZMUHOTAU25Q,2026-03-15T02:03:00.596871+00:00,0.1193,119300000,MOPS (pH 7),16.0
CLTR1JOYE4LGRICP3NJ7KMVULZKXDKM,B9,LB-2_1,PLT1RLOSUISCDIHOFWDWTLWCUPCOLQ,CellAI Experiment Plate,Active,CLTR1T4GWPCF4XNUORSPZMUHOTAU25Q,2026-03-15T02:03:00.596871+00:00,0.1193,119300000,Water,16.0
CLTR1XYHKUWUCSG6OPAIORN3DWAELXU,B10,LB-3_1,PLT1RLOSUISCDIHOFWDWTLWCUPCOLQ,CellAI Experiment Plate,Active,CLTR1T4GWPCF4XNUORSPZMUHOTAU25Q,2026-03-15T02:12:58.695954+00:00,0.1271,127099999,Glucose,8.0
CLTR1XYHKUWUCSG6OPAIORN3DWAELXU,B10,LB-3_1,PLT1RLOSUISCDIHOFWDWTLWCUPCOLQ,CellAI Experiment Plate,Active,CLTR1T4GWPCF4XNUORSPZMUHOTAU25Q,2026-03-15T02:12:58.695954+00:00,0.1271,127099999,KH2PO4 (monobasic),8.0
CLTR1XYHKUWUCSG6OPAIORN3DWAELXU,B10,LB-3_1,PLT1RLOSUISCDIHOFWDWTLWCUPCOLQ,CellAI Experiment Plate,Active,CLTR1T4GWPCF4XNUORSPZMUHOTAU25Q,2026-03-15T02:12:58.695954+00:00,0.1271,127099999,LBv2,130.0
CLTR1XYHKUWUCSG6OPAIORN3DWAELXU,B10,LB-3_1,PLT1RLOSUISCDIHOFWDWTLWCUPCOLQ,CellAI Experiment Plate,Active,CLTR1T4GWPCF4XNUORSPZMUHOTAU25Q,2026-03-15T02:12:58.695954+00:00,0.1271,127099999,MOPS (pH 7),18.0
CLTR1XYHKUWUCSG6OPAIORN3DWAELXU,B10,LB-3_1,PLT1RLOSUISCDIHOFWDWTLWCUPCOLQ,CellAI Experiment Plate,Active,CLTR1T4GWPCF4XNUORSPZMUHOTAU25Q,2026-03-15T02:12:58.695954+00:00,0.1271,127099999,Water,16.0
CLTR1C5OOTJBWKOJ4S52VZLTA2R4OX4,B11,baseline_1,PLT1RLOSUISCDIHOFWDWTLWCUPCOLQ,CellAI Experiment Plate,Active,CLTR1T4GWPCF4XNUORSPZMUHOTAU25Q,2026-03-15T02:12:58.695954+00:00,0.1365,136500000,Novel Bio Cyclone,180.0
CLTR1WJQCQ7PHGGUPJ5W5CPMXW7NE7Y,B2,SD-1_1,PLT1RLOSUISCDIHOFWDWTLWCUPCOLQ,CellAI Experiment Plate,Active,CLTR1T4GWPCF4XNUORSPZMUHOTAU25Q,2026-03-15T02:12:58.695954+00:00,0.1825,182500000,MOPS (pH 7),11.0
CLTR1WJQCQ7PHGGUPJ5W5CPMXW7NE7Y,B2,SD-1_1,PLT1RLOSUISCDIHOFWDWTLWCUPCOLQ,CellAI Experiment Plate,Active,CLTR1T4GWPCF4XNUORSPZMUHOTAU25Q,2026-03-15T02:12:58.695954+00:00,0.1825,182500000,Semi-Defined,129.0
CLTR1WJQCQ7PHGGUPJ5W5CPMXW7NE7Y,B2,SD-1_1,PLT1RLOSUISCDIHOFWDWTLWCUPCOLQ,CellAI Experiment Plate,Active,CLTR1T4GWPCF4XNUORSPZMUHOTAU25Q,2026-03-15T02:12:58.695954+00:00,0.1825,182500000,Tryptone,26.0
CLTR1WJQCQ7PHGGUPJ5W5CPMXW7NE7Y,B2,SD-1_1,PLT1RLOSUISCDIHOFWDWTLWCUPCOLQ,CellAI Experiment Plate,Active,CLTR1T4GWPCF4XNUORSPZMUHOTAU25Q,2026-03-15T02:12:58.695954+00:00,0.1825,182500000,Yeast Extract,14.0
CLTR1BCGZVW3ZZHDXQHSPQTQEYHEZZ4,B3,SD-2_1,PLT1RLOSUISCDIHOFWDWTLWCUPCOLQ,CellAI Experiment Plate,Active,CLTR1T4GWPCF4XNUORSPZMUHOTAU25Q,2026-03-15T02:12:58.695954+00:00,0.1659,165900000,MOPS (pH 7),7.0
CLTR1BCGZVW3ZZHDXQHSPQTQEYHEZZ4,B3,SD-2_1,PLT1RLOSUISCDIHOFWDWTLWCUPCOLQ,CellAI Experiment Plate,Active,CLTR1T4GWPCF4XNUORSPZMUHOTAU25Q,2026-03-15T02:12:58.695954+00:00,0.1659,165900000,Semi-Defined,128.0
CLTR1BCGZVW3ZZHDXQHSPQTQEYHEZZ4,B3,SD-2_1,PLT1RLOSUISCDIHOFWDWTLWCUPCOLQ,CellAI Experiment Plate,Active,CLTR1T4GWPCF4XNUORSPZMUHOTAU25Q,2026-03-15T02:12:58.695954+00:00,0.1659,165900000,Tryptone,14.0
CLTR1BCGZVW3ZZHDXQHSPQTQEYHEZZ4,B3,SD-2_1,PLT1RLOSUISCDIHOFWDWTLWCUPCOLQ,CellAI Experiment Plate,Active,CLTR1T4GWPCF4XNUORSPZMUHOTAU25Q,2026-03-15T02:12:58.695954+00:00,0.1659,165900000,Water,11.0
CLTR1BCGZVW3ZZHDXQHSPQTQEYHEZZ4,B3,SD-2_1,PLT1RLOSUISCDIHOFWDWTLWCUPCOLQ,CellAI Experiment Plate,Active,CLTR1T4GWPCF4XNUORSPZMUHOTAU25Q,2026-03-15T02:12:58.695954+00:00,0.1659,165900000,Yeast Extract,20.0
CLTR1R7PC6AUHD67ETWWFP5REZSVPHM,B4,SD-3_1,PLT1RLOSUISCDIHOFWDWTLWCUPCOLQ,CellAI Experiment Plate,Active,CLTR1T4GWPCF4XNUORSPZMUHOTAU25Q,2026-03-15T02:12:58.695954+00:00,0.1741,174100000,MOPS (pH 7),9.0
CLTR1R7PC6AUHD67ETWWFP5REZSVPHM,B4,SD-3_1,PLT1RLOSUISCDIHOFWDWTLWCUPCOLQ,CellAI Experiment Plate,Active,CLTR1T4GWPCF4XNUORSPZMUHOTAU25Q,2026-03-15T02:12:58.695954+00:00,0.1741,174100000,Semi-Defined,125.0
CLTR1R7PC6AUHD67ETWWFP5REZSVPHM,B4,SD-3_1,PLT1RLOSUISCDIHOFWDWTLWCUPCOLQ,CellAI Experiment Plate,Active,CLTR1T4GWPCF4XNUORSPZMUHOTAU25Q,2026-03-15T02:12:58.695954+00:00,0.1741,174100000,Tryptone,20.0
CLTR1R7PC6AUHD67ETWWFP5REZSVPHM,B4,SD-3_1,PLT1RLOSUISCDIHOFWDWTLWCUPCOLQ,CellAI Experiment Plate,Active,CLTR1T4GWPCF4XNUORSPZMUHOTAU25Q,2026-03-15T02:12:58.695954+00:00,0.1741,174100000,Yeast Extract,26.0
CLTR1A76MBDI37SA364AHAD66FGRQ6I,B5,HB-1_1,PLT1RLOSUISCDIHOFWDWTLWCUPCOLQ,CellAI Experiment Plate,Active,CLTR1T4GWPCF4XNUORSPZMUHOTAU25Q,2026-03-15T02:12:58.695954+00:00,0.1564,156400000,High Buffer Defined,110.0
CLTR1A76MBDI37SA364AHAD66FGRQ6I,B5,HB-1_1,PLT1RLOSUISCDIHOFWDWTLWCUPCOLQ,CellAI Experiment Plate,Active,CLTR1T4GWPCF4XNUORSPZMUHOTAU25Q,2026-03-15T02:12:58.695954+00:00,0.1564,156400000,Na L-Glutamate,10.0
CLTR1A76MBDI37SA364AHAD66FGRQ6I,B5,HB-1_1,PLT1RLOSUISCDIHOFWDWTLWCUPCOLQ,CellAI Experiment Plate,Active,CLTR1T4GWPCF4XNUORSPZMUHOTAU25Q,2026-03-15T02:12:58.695954+00:00,0.1564,156400000,Tryptone,26.0
CLTR1A76MBDI37SA364AHAD66FGRQ6I,B5,HB-1_1,PLT1RLOSUISCDIHOFWDWTLWCUPCOLQ,CellAI Experiment Plate,Active,CLTR1T4GWPCF4XNUORSPZMUHOTAU25Q,2026-03-15T02:12:58.695954+00:00,0.1564,156400000,Water,20.0
CLTR1A76MBDI37SA364AHAD66FGRQ6I,B5,HB-1_1,PLT1RLOSUISCDIHOFWDWTLWCUPCOLQ,CellAI Experiment Plate,Active,CLTR1T4GWPCF4XNUORSPZMUHOTAU25Q,2026-03-15T02:12:58.695954+00:00,0.1564,156400000,Yeast Extract,14.0
CLTR1B5PDGTPFXN3CUBSBOOCU3BWCVY,B6,HB-2_1,PLT1RLOSUISCDIHOFWDWTLWCUPCOLQ,CellAI Experiment Plate,Active,CLTR1T4GWPCF4XNUORSPZMUHOTAU25Q,2026-03-15T02:12:58.695954+00:00,0.1639,163900000,High Buffer Defined,110.0
CLTR1B5PDGTPFXN3CUBSBOOCU3BWCVY,B6,HB-2_1,PLT1RLOSUISCDIHOFWDWTLWCUPCOLQ,CellAI Experiment Plate,Active,CLTR1T4GWPCF4XNUORSPZMUHOTAU25Q,2026-03-15T02:12:58.695954+00:00,0.1639,163900000,Na L-Glutamate,6.0
CLTR1B5PDGTPFXN3CUBSBOOCU3BWCVY,B6,HB-2_1,PLT1RLOSUISCDIHOFWDWTLWCUPCOLQ,CellAI Experiment Plate,Active,CLTR1T4GWPCF4XNUORSPZMUHOTAU25Q,2026-03-15T02:12:58.695954+00:00,0.1639,163900000,Tryptone,14.0
CLTR1B5PDGTPFXN3CUBSBOOCU3BWCVY,B6,HB-2_1,PLT1RLOSUISCDIHOFWDWTLWCUPCOLQ,CellAI Experiment Plate,Active,CLTR1T4GWPCF4XNUORSPZMUHOTAU25Q,2026-03-15T02:12:58.695954+00:00,0.1639,163900000,Water,30.0
CLTR1B5PDGTPFXN3CUBSBOOCU3BWCVY,B6,HB-2_1,PLT1RLOSUISCDIHOFWDWTLWCUPCOLQ,CellAI Experiment Plate,Active,CLTR1T4GWPCF4XNUORSPZMUHOTAU25Q,2026-03-15T02:12:58.695954+00:00,0.1639,163900000,Yeast Extract,20.0
CLTR1LVWKRIQS4FTGFOOCM2ZPRF4YTQ,B7,HB-3_1,PLT1RLOSUISCDIHOFWDWTLWCUPCOLQ,CellAI Experiment Plate,Active,CLTR1T4GWPCF4XNUORSPZMUHOTAU25Q,2026-03-15T02:12:58.695954+00:00,0.1682,168200000,High Buffer Defined,110.0
CLTR1LVWKRIQS4FTGFOOCM2ZPRF4YTQ,B7,HB-3_1,PLT1RLOSUISCDIHOFWDWTLWCUPCOLQ,CellAI Experiment Plate,Active,CLTR1T4GWPCF4XNUORSPZMUHOTAU25Q,2026-03-15T02:12:58.695954+00:00,0.1682,168200000,Na L-Glutamate,8.0
CLTR1LVWKRIQS4FTGFOOCM2ZPRF4YTQ,B7,HB-3_1,PLT1RLOSUISCDIHOFWDWTLWCUPCOLQ,CellAI Experiment Plate,Active,CLTR1T4GWPCF4XNUORSPZMUHOTAU25Q,2026-03-15T02:12:58.695954+00:00,0.1682,168200000,Tryptone,20.0
CLTR1LVWKRIQS4FTGFOOCM2ZPRF4YTQ,B7,HB-3_1,PLT1RLOSUISCDIHOFWDWTLWCUPCOLQ,CellAI Experiment Plate,Active,CLTR1T4GWPCF4XNUORSPZMUHOTAU25Q,2026-03-15T02:12:58.695954+00:00,0.1682,168200000,Water,16.0
CLTR1LVWKRIQS4FTGFOOCM2ZPRF4YTQ,B7,HB-3_1,PLT1RLOSUISCDIHOFWDWTLWCUPCOLQ,CellAI Experiment Plate,Active,CLTR1T4GWPCF4XNUORSPZMUHOTAU25Q,2026-03-15T02:12:58.695954+00:00,0.1682,168200000,Yeast Extract,26.0
CLTR1KQB6MMPRTUXCMMUT2SCHGR4YIY,B8,LB-1_1,PLT1RLOSUISCDIHOFWDWTLWCUPCOLQ,CellAI Experiment Plate,Active,CLTR1T4GWPCF4XNUORSPZMUHOTAU25Q,2026-03-15T02:12:58.695954+00:00,0.1234,123400000,Glucose,18.0
CLTR1KQB6MMPRTUXCMMUT2SCHGR4YIY,B8,LB-1_1,PLT1RLOSUISCDIHOFWDWTLWCUPCOLQ,CellAI Experiment Plate,Active,CLTR1T4GWPCF4XNUORSPZMUHOTAU25Q,2026-03-15T02:12:58.695954+00:00,0.1234,123400000,KH2PO4 (monobasic),10.0
CLTR1KQB6MMPRTUXCMMUT2SCHGR4YIY,B8,LB-1_1,PLT1RLOSUISCDIHOFWDWTLWCUPCOLQ,CellAI Experiment Plate,Active,CLTR1T4GWPCF4XNUORSPZMUHOTAU25Q,2026-03-15T02:12:58.695954+00:00,0.1234,123400000,LBv2,130.0
CLTR1KQB6MMPRTUXCMMUT2SCHGR4YIY,B8,LB-1_1,PLT1RLOSUISCDIHOFWDWTLWCUPCOLQ,CellAI Experiment Plate,Active,CLTR1T4GWPCF4XNUORSPZMUHOTAU25Q,2026-03-15T02:12:58.695954+00:00,0.1234,123400000,MOPS (pH 7),12.0
CLTR1KQB6MMPRTUXCMMUT2SCHGR4YIY,B8,LB-1_1,PLT1RLOSUISCDIHOFWDWTLWCUPCOLQ,CellAI Experiment Plate,Active,CLTR1T4GWPCF4XNUORSPZMUHOTAU25Q,2026-03-15T02:12:58.695954+00:00,0.1234,123400000,Water,10.0
CLTR1JOYE4LGRICP3NJ7KMVULZKXDKM,B9,LB-2_1,PLT1RLOSUISCDIHOFWDWTLWCUPCOLQ,CellAI Experiment Plate,Active,CLTR1T4GWPCF4XNUORSPZMUHOTAU25Q,2026-03-15T02:12:58.695954+00:00,0.1253,125300000,Glucose,12.0
CLTR1JOYE4LGRICP3NJ7KMVULZKXDKM,B9,LB-2_1,PLT1RLOSUISCDIHOFWDWTLWCUPCOLQ,CellAI Experiment Plate,Active,CLTR1T4GWPCF4XNUORSPZMUHOTAU25Q,2026-03-15T02:12:58.695954+00:00,0.1253,125300000,KH2PO4 (monobasic),6.0
CLTR1JOYE4LGRICP3NJ7KMVULZKXDKM,B9,LB-2_1,PLT1RLOSUISCDIHOFWDWTLWCUPCOLQ,CellAI Experiment Plate,Active,CLTR1T4GWPCF4XNUORSPZMUHOTAU25Q,2026-03-15T02:12:58.695954+00:00,0.1253,125300000,LBv2,130.0
CLTR1JOYE4LGRICP3NJ7KMVULZKXDKM,B9,LB-2_1,PLT1RLOSUISCDIHOFWDWTLWCUPCOLQ,CellAI Experiment Plate,Active,CLTR1T4GWPCF4XNUORSPZMUHOTAU25Q,2026-03-15T02:12:58.695954+00:00,0.1253,125300000,MOPS (pH 7),16.0
CLTR1JOYE4LGRICP3NJ7KMVULZKXDKM,B9,LB-2_1,PLT1RLOSUISCDIHOFWDWTLWCUPCOLQ,CellAI Experiment Plate,Active,CLTR1T4GWPCF4XNUORSPZMUHOTAU25Q,2026-03-15T02:12:58.695954+00:00,0.1253,125300000,Water,16.0
CLTR1XYHKUWUCSG6OPAIORN3DWAELXU,B10,LB-3_1,PLT1RLOSUISCDIHOFWDWTLWCUPCOLQ,CellAI Experiment Plate,Active,CLTR1T4GWPCF4XNUORSPZMUHOTAU25Q,2026-03-15T02:22:58.971090+00:00,0.1338,133800000,Glucose,8.0
CLTR1XYHKUWUCSG6OPAIORN3DWAELXU,B10,LB-3_1,PLT1RLOSUISCDIHOFWDWTLWCUPCOLQ,CellAI Experiment Plate,Active,CLTR1T4GWPCF4XNUORSPZMUHOTAU25Q,2026-03-15T02:22:58.971090+00:00,0.1338,133800000,KH2PO4 (monobasic),8.0
CLTR1XYHKUWUCSG6OPAIORN3DWAELXU,B10,LB-3_1,PLT1RLOSUISCDIHOFWDWTLWCUPCOLQ,CellAI Experiment Plate,Active,CLTR1T4GWPCF4XNUORSPZMUHOTAU25Q,2026-03-15T02:22:58.971090+00:00,0.1338,133800000,LBv2,130.0
CLTR1XYHKUWUCSG6OPAIORN3DWAELXU,B10,LB-3_1,PLT1RLOSUISCDIHOFWDWTLWCUPCOLQ,CellAI Experiment Plate,Active,CLTR1T4GWPCF4XNUORSPZMUHOTAU25Q,2026-03-15T02:22:58.971090+00:00,0.1338,133800000,MOPS (pH 7),18.0
CLTR1XYHKUWUCSG6OPAIORN3DWAELXU,B10,LB-3_1,PLT1RLOSUISCDIHOFWDWTLWCUPCOLQ,CellAI Experiment Plate,Active,CLTR1T4GWPCF4XNUORSPZMUHOTAU25Q,2026-03-15T02:22:58.971090+00:00,0.1338,133800000,Water,16.0
CLTR1C5OOTJBWKOJ4S52VZLTA2R4OX4,B11,baseline_1,PLT1RLOSUISCDIHOFWDWTLWCUPCOLQ,CellAI Experiment Plate,Active,CLTR1T4GWPCF4XNUORSPZMUHOTAU25Q,2026-03-15T02:22:58.971090+00:00,0.1461,146100000,Novel Bio Cyclone,180.0
CLTR1WJQCQ7PHGGUPJ5W5CPMXW7NE7Y,B2,SD-1_1,PLT1RLOSUISCDIHOFWDWTLWCUPCOLQ,CellAI Experiment Plate,Active,CLTR1T4GWPCF4XNUORSPZMUHOTAU25Q,2026-03-15T02:22:58.971090+00:00,0.1999,199900000,MOPS (pH 7),11.0
CLTR1WJQCQ7PHGGUPJ5W5CPMXW7NE7Y,B2,SD-1_1,PLT1RLOSUISCDIHOFWDWTLWCUPCOLQ,CellAI Experiment Plate,Active,CLTR1T4GWPCF4XNUORSPZMUHOTAU25Q,2026-03-15T02:22:58.971090+00:00,0.1999,199900000,Semi-Defined,129.0
CLTR1WJQCQ7PHGGUPJ5W5CPMXW7NE7Y,B2,SD-1_1,PLT1RLOSUISCDIHOFWDWTLWCUPCOLQ,CellAI Experiment Plate,Active,CLTR1T4GWPCF4XNUORSPZMUHOTAU25Q,2026-03-15T02:22:58.971090+00:00,0.1999,199900000,Tryptone,26.0
CLTR1WJQCQ7PHGGUPJ5W5CPMXW7NE7Y,B2,SD-1_1,PLT1RLOSUISCDIHOFWDWTLWCUPCOLQ,CellAI Experiment Plate,Active,CLTR1T4GWPCF4XNUORSPZMUHOTAU25Q,2026-03-15T02:22:58.971090+00:00,0.1999,199900000,Yeast Extract,14.0
CLTR1BCGZVW3ZZHDXQHSPQTQEYHEZZ4,B3,SD-2_1,PLT1RLOSUISCDIHOFWDWTLWCUPCOLQ,CellAI Experiment Plate,Active,CLTR1T4GWPCF4XNUORSPZMUHOTAU25Q,2026-03-15T02:22:58.971090+00:00,0.18,180000000,MOPS (pH 7),7.0
CLTR1BCGZVW3ZZHDXQHSPQTQEYHEZZ4,B3,SD-2_1,PLT1RLOSUISCDIHOFWDWTLWCUPCOLQ,CellAI Experiment Plate,Active,CLTR1T4GWPCF4XNUORSPZMUHOTAU25Q,2026-03-15T02:22:58.971090+00:00,0.18,180000000,Semi-Defined,128.0
CLTR1BCGZVW3ZZHDXQHSPQTQEYHEZZ4,B3,SD-2_1,PLT1RLOSUISCDIHOFWDWTLWCUPCOLQ,CellAI Experiment Plate,Active,CLTR1T4GWPCF4XNUORSPZMUHOTAU25Q,2026-03-15T02:22:58.971090+00:00,0.18,180000000,Tryptone,14.0
CLTR1BCGZVW3ZZHDXQHSPQTQEYHEZZ4,B3,SD-2_1,PLT1RLOSUISCDIHOFWDWTLWCUPCOLQ,CellAI Experiment Plate,Active,CLTR1T4GWPCF4XNUORSPZMUHOTAU25Q,2026-03-15T02:22:58.971090+00:00,0.18,180000000,Water,11.0
CLTR1BCGZVW3ZZHDXQHSPQTQEYHEZZ4,B3,SD-2_1,PLT1RLOSUISCDIHOFWDWTLWCUPCOLQ,CellAI Experiment Plate,Active,CLTR1T4GWPCF4XNUORSPZMUHOTAU25Q,2026-03-15T02:22:58.971090+00:00,0.18,180000000,Yeast Extract,20.0
CLTR1R7PC6AUHD67ETWWFP5REZSVPHM,B4,SD-3_1,PLT1RLOSUISCDIHOFWDWTLWCUPCOLQ,CellAI Experiment Plate,Active,CLTR1T4GWPCF4XNUORSPZMUHOTAU25Q,2026-03-15T02:22:58.971090+00:00,0.191,191000000,MOPS (pH 7),9.0
CLTR1R7PC6AUHD67ETWWFP5REZSVPHM,B4,SD-3_1,PLT1RLOSUISCDIHOFWDWTLWCUPCOLQ,CellAI Experiment Plate,Active,CLTR1T4GWPCF4XNUORSPZMUHOTAU25Q,2026-03-15T02:22:58.971090+00:00,0.191,191000000,Semi-Defined,125.0
CLTR1R7PC6AUHD67ETWWFP5REZSVPHM,B4,SD-3_1,PLT1RLOSUISCDIHOFWDWTLWCUPCOLQ,CellAI Experiment Plate,Active,CLTR1T4GWPCF4XNUORSPZMUHOTAU25Q,2026-03-15T02:22:58.971090+00:00,0.191,191000000,Tryptone,20.0
CLTR1R7PC6AUHD67ETWWFP5REZSVPHM,B4,SD-3_1,PLT1RLOSUISCDIHOFWDWTLWCUPCOLQ,CellAI Experiment Plate,Active,CLTR1T4GWPCF4XNUORSPZMUHOTAU25Q,2026-03-15T02:22:58.971090+00:00,0.191,191000000,Yeast Extract,26.0
CLTR1A76MBDI37SA364AHAD66FGRQ6I,B5,HB-1_1,PLT1RLOSUISCDIHOFWDWTLWCUPCOLQ,CellAI Experiment Plate,Active,CLTR1T4GWPCF4XNUORSPZMUHOTAU25Q,2026-03-15T02:22:58.971090+00:00,0.1748,174800000,High Buffer Defined,110.0
CLTR1A76MBDI37SA364AHAD66FGRQ6I,B5,HB-1_1,PLT1RLOSUISCDIHOFWDWTLWCUPCOLQ,CellAI Experiment Plate,Active,CLTR1T4GWPCF4XNUORSPZMUHOTAU25Q,2026-03-15T02:22:58.971090+00:00,0.1748,174800000,Na L-Glutamate,10.0
CLTR1A76MBDI37SA364AHAD66FGRQ6I,B5,HB-1_1,PLT1RLOSUISCDIHOFWDWTLWCUPCOLQ,CellAI Experiment Plate,Active,CLTR1T4GWPCF4XNUORSPZMUHOTAU25Q,2026-03-15T02:22:58.971090+00:00,0.1748,174800000,Tryptone,26.0
CLTR1A76MBDI37SA364AHAD66FGRQ6I,B5,HB-1_1,PLT1RLOSUISCDIHOFWDWTLWCUPCOLQ,CellAI Experiment Plate,Active,CLTR1T4GWPCF4XNUORSPZMUHOTAU25Q,2026-03-15T02:22:58.971090+00:00,0.1748,174800000,Water,20.0
CLTR1A76MBDI37SA364AHAD66FGRQ6I,B5,HB-1_1,PLT1RLOSUISCDIHOFWDWTLWCUPCOLQ,CellAI Experiment Plate,Active,CLTR1T4GWPCF4XNUORSPZMUHOTAU25Q,2026-03-15T02:22:58.971090+00:00,0.1748,174800000,Yeast Extract,14.0
CLTR1B5PDGTPFXN3CUBSBOOCU3BWCVY,B6,HB-2_1,PLT1RLOSUISCDIHOFWDWTLWCUPCOLQ,CellAI Experiment Plate,Active,CLTR1T4GWPCF4XNUORSPZMUHOTAU25Q,2026-03-15T02:22:58.971090+00:00,0.1813,181300000,High Buffer Defined,110.0
CLTR1B5PDGTPFXN3CUBSBOOCU3BWCVY,B6,HB-2_1,PLT1RLOSUISCDIHOFWDWTLWCUPCOLQ,CellAI Experiment Plate,Active,CLTR1T4GWPCF4XNUORSPZMUHOTAU25Q,2026-03-15T02:22:58.971090+00:00,0.1813,181300000,Na L-Glutamate,6.0
CLTR1B5PDGTPFXN3CUBSBOOCU3BWCVY,B6,HB-2_1,PLT1RLOSUISCDIHOFWDWTLWCUPCOLQ,CellAI Experiment Plate,Active,CLTR1T4GWPCF4XNUORSPZMUHOTAU25Q,2026-03-15T02:22:58.971090+00:00,0.1813,181300000,Tryptone,14.0
CLTR1B5PDGTPFXN3CUBSBOOCU3BWCVY,B6,HB-2_1,PLT1RLOSUISCDIHOFWDWTLWCUPCOLQ,CellAI Experiment Plate,Active,CLTR1T4GWPCF4XNUORSPZMUHOTAU25Q,2026-03-15T02:22:58.971090+00:00,0.1813,181300000,Water,30.0
CLTR1B5PDGTPFXN3CUBSBOOCU3BWCVY,B6,HB-2_1,PLT1RLOSUISCDIHOFWDWTLWCUPCOLQ,CellAI Experiment Plate,Active,CLTR1T4GWPCF4XNUORSPZMUHOTAU25Q,2026-03-15T02:22:58.971090+00:00,0.1813,181300000,Yeast Extract,20.0
CLTR1LVWKRIQS4FTGFOOCM2ZPRF4YTQ,B7,HB-3_1,PLT1RLOSUISCDIHOFWDWTLWCUPCOLQ,CellAI Experiment Plate,Active,CLTR1T4GWPCF4XNUORSPZMUHOTAU25Q,2026-03-15T02:22:58.971090+00:00,0.1839,183900000,High Buffer Defined,110.0
CLTR1LVWKRIQS4FTGFOOCM2ZPRF4YTQ,B7,HB-3_1,PLT1RLOSUISCDIHOFWDWTLWCUPCOLQ,CellAI Experiment Plate,Active,CLTR1T4GWPCF4XNUORSPZMUHOTAU25Q,2026-03-15T02:22:58.971090+00:00,0.1839,183900000,Na L-Glutamate,8.0
CLTR1LVWKRIQS4FTGFOOCM2ZPRF4YTQ,B7,HB-3_1,PLT1RLOSUISCDIHOFWDWTLWCUPCOLQ,CellAI Experiment Plate,Active,CLTR1T4GWPCF4XNUORSPZMUHOTAU25Q,2026-03-15T02:22:58.971090+00:00,0.1839,183900000,Tryptone,20.0
CLTR1LVWKRIQS4FTGFOOCM2ZPRF4YTQ,B7,HB-3_1,PLT1RLOSUISCDIHOFWDWTLWCUPCOLQ,CellAI Experiment Plate,Active,CLTR1T4GWPCF4XNUORSPZMUHOTAU25Q,2026-03-15T02:22:58.971090+00:00,0.1839,183900000,Water,16.0
CLTR1LVWKRIQS4FTGFOOCM2ZPRF4YTQ,B7,HB-3_1,PLT1RLOSUISCDIHOFWDWTLWCUPCOLQ,CellAI Experiment Plate,Active,CLTR1T4GWPCF4XNUORSPZMUHOTAU25Q,2026-03-15T02:22:58.971090+00:00,0.1839,183900000,Yeast Extract,26.0
CLTR1KQB6MMPRTUXCMMUT2SCHGR4YIY,B8,LB-1_1,PLT1RLOSUISCDIHOFWDWTLWCUPCOLQ,CellAI Experiment Plate,Active,CLTR1T4GWPCF4XNUORSPZMUHOTAU25Q,2026-03-15T02:22:58.971090+00:00,0.1315,131500000,Glucose,18.0
CLTR1KQB6MMPRTUXCMMUT2SCHGR4YIY,B8,LB-1_1,PLT1RLOSUISCDIHOFWDWTLWCUPCOLQ,CellAI Experiment Plate,Active,CLTR1T4GWPCF4XNUORSPZMUHOTAU25Q,2026-03-15T02:22:58.971090+00:00,0.1315,131500000,KH2PO4 (monobasic),10.0
CLTR1KQB6MMPRTUXCMMUT2SCHGR4YIY,B8,LB-1_1,PLT1RLOSUISCDIHOFWDWTLWCUPCOLQ,CellAI Experiment Plate,Active,CLTR1T4GWPCF4XNUORSPZMUHOTAU25Q,2026-03-15T02:22:58.971090+00:00,0.1315,131500000,LBv2,130.0
CLTR1KQB6MMPRTUXCMMUT2SCHGR4YIY,B8,LB-1_1,PLT1RLOSUISCDIHOFWDWTLWCUPCOLQ,CellAI Experiment Plate,Active,CLTR1T4GWPCF4XNUORSPZMUHOTAU25Q,2026-03-15T02:22:58.971090+00:00,0.1315,131500000,MOPS (pH 7),12.0
CLTR1KQB6MMPRTUXCMMUT2SCHGR4YIY,B8,LB-1_1,PLT1RLOSUISCDIHOFWDWTLWCUPCOLQ,CellAI Experiment Plate,Active,CLTR1T4GWPCF4XNUORSPZMUHOTAU25Q,2026-03-15T02:22:58.971090+00:00,0.1315,131500000,Water,10.0
CLTR1JOYE4LGRICP3NJ7KMVULZKXDKM,B9,LB-2_1,PLT1RLOSUISCDIHOFWDWTLWCUPCOLQ,CellAI Experiment Plate,Active,CLTR1T4GWPCF4XNUORSPZMUHOTAU25Q,2026-03-15T02:22:58.971090+00:00,0.1336,133600000,Glucose,12.0
CLTR1JOYE4LGRICP3NJ7KMVULZKXDKM,B9,LB-2_1,PLT1RLOSUISCDIHOFWDWTLWCUPCOLQ,CellAI Experiment Plate,Active,CLTR1T4GWPCF4XNUORSPZMUHOTAU25Q,2026-03-15T02:22:58.971090+00:00,0.1336,133600000,KH2PO4 (monobasic),6.0
CLTR1JOYE4LGRICP3NJ7KMVULZKXDKM,B9,LB-2_1,PLT1RLOSUISCDIHOFWDWTLWCUPCOLQ,CellAI Experiment Plate,Active,CLTR1T4GWPCF4XNUORSPZMUHOTAU25Q,2026-03-15T02:22:58.971090+00:00,0.1336,133600000,LBv2,130.0
CLTR1JOYE4LGRICP3NJ7KMVULZKXDKM,B9,LB-2_1,PLT1RLOSUISCDIHOFWDWTLWCUPCOLQ,CellAI Experiment Plate,Active,CLTR1T4GWPCF4XNUORSPZMUHOTAU25Q,2026-03-15T02:22:58.971090+00:00,0.1336,133600000,MOPS (pH 7),16.0
CLTR1JOYE4LGRICP3NJ7KMVULZKXDKM,B9,LB-2_1,PLT1RLOSUISCDIHOFWDWTLWCUPCOLQ,CellAI Experiment Plate,Active,CLTR1T4GWPCF4XNUORSPZMUHOTAU25Q,2026-03-15T02:22:58.971090+00:00,0.1336,133600000,Water,16.0
CLTR1XYHKUWUCSG6OPAIORN3DWAELXU,B10,LB-3_1,PLT1RLOSUISCDIHOFWDWTLWCUPCOLQ,CellAI Experiment Plate,Active,CLTR1T4GWPCF4XNUORSPZMUHOTAU25Q,2026-03-15T03:03:03.722581+00:00,0.2328,232800000,Glucose,8.0
CLTR1XYHKUWUCSG6OPAIORN3DWAELXU,B10,LB-3_1,PLT1RLOSUISCDIHOFWDWTLWCUPCOLQ,CellAI Experiment Plate,Active,CLTR1T4GWPCF4XNUORSPZMUHOTAU25Q,2026-03-15T03:03:03.722581+00:00,0.2328,232800000,KH2PO4 (monobasic),8.0
CLTR1XYHKUWUCSG6OPAIORN3DWAELXU,B10,LB-3_1,PLT1RLOSUISCDIHOFWDWTLWCUPCOLQ,CellAI Experiment Plate,Active,CLTR1T4GWPCF4XNUORSPZMUHOTAU25Q,2026-03-15T03:03:03.722581+00:00,0.2328,232800000,LBv2,130.0
CLTR1XYHKUWUCSG6OPAIORN3DWAELXU,B10,LB-3_1,PLT1RLOSUISCDIHOFWDWTLWCUPCOLQ,CellAI Experiment Plate,Active,CLTR1T4GWPCF4XNUORSPZMUHOTAU25Q,2026-03-15T03:03:03.722581+00:00,0.2328,232800000,MOPS (pH 7),18.0
CLTR1XYHKUWUCSG6OPAIORN3DWAELXU,B10,LB-3_1,PLT1RLOSUISCDIHOFWDWTLWCUPCOLQ,CellAI Experiment Plate,Active,CLTR1T4GWPCF4XNUORSPZMUHOTAU25Q,2026-03-15T03:03:03.722581+00:00,0.2328,232800000,Water,16.0
CLTR1C5OOTJBWKOJ4S52VZLTA2R4OX4,B11,baseline_1,PLT1RLOSUISCDIHOFWDWTLWCUPCOLQ,CellAI Experiment Plate,Active,CLTR1T4GWPCF4XNUORSPZMUHOTAU25Q,2026-03-15T03:03:03.722581+00:00,0.2677,267700000,Novel Bio Cyclone,180.0
CLTR1WJQCQ7PHGGUPJ5W5CPMXW7NE7Y,B2,SD-1_1,PLT1RLOSUISCDIHOFWDWTLWCUPCOLQ,CellAI Experiment Plate,Active,CLTR1T4GWPCF4XNUORSPZMUHOTAU25Q,2026-03-15T03:03:03.722581+00:00,0.3738,373800000,MOPS (pH 7),11.0
CLTR1WJQCQ7PHGGUPJ5W5CPMXW7NE7Y,B2,SD-1_1,PLT1RLOSUISCDIHOFWDWTLWCUPCOLQ,CellAI Experiment Plate,Active,CLTR1T4GWPCF4XNUORSPZMUHOTAU25Q,2026-03-15T03:03:03.722581+00:00,0.3738,373800000,Semi-Defined,129.0
CLTR1WJQCQ7PHGGUPJ5W5CPMXW7NE7Y,B2,SD-1_1,PLT1RLOSUISCDIHOFWDWTLWCUPCOLQ,CellAI Experiment Plate,Active,CLTR1T4GWPCF4XNUORSPZMUHOTAU25Q,2026-03-15T03:03:03.722581+00:00,0.3738,373800000,Tryptone,26.0
CLTR1WJQCQ7PHGGUPJ5W5CPMXW7NE7Y,B2,SD-1_1,PLT1RLOSUISCDIHOFWDWTLWCUPCOLQ,CellAI Experiment Plate,Active,CLTR1T4GWPCF4XNUORSPZMUHOTAU25Q,2026-03-15T03:03:03.722581+00:00,0.3738,373800000,Yeast Extract,14.0
CLTR1BCGZVW3ZZHDXQHSPQTQEYHEZZ4,B3,SD-2_1,PLT1RLOSUISCDIHOFWDWTLWCUPCOLQ,CellAI Experiment Plate,Active,CLTR1T4GWPCF4XNUORSPZMUHOTAU25Q,2026-03-15T03:03:03.722581+00:00,0.3443,344300000,MOPS (pH 7),7.0
CLTR1BCGZVW3ZZHDXQHSPQTQEYHEZZ4,B3,SD-2_1,PLT1RLOSUISCDIHOFWDWTLWCUPCOLQ,CellAI Experiment Plate,Active,CLTR1T4GWPCF4XNUORSPZMUHOTAU25Q,2026-03-15T03:03:03.722581+00:00,0.3443,344300000,Semi-Defined,128.0
CLTR1BCGZVW3ZZHDXQHSPQTQEYHEZZ4,B3,SD-2_1,PLT1RLOSUISCDIHOFWDWTLWCUPCOLQ,CellAI Experiment Plate,Active,CLTR1T4GWPCF4XNUORSPZMUHOTAU25Q,2026-03-15T03:03:03.722581+00:00,0.3443,344300000,Tryptone,14.0
CLTR1BCGZVW3ZZHDXQHSPQTQEYHEZZ4,B3,SD-2_1,PLT1RLOSUISCDIHOFWDWTLWCUPCOLQ,CellAI Experiment Plate,Active,CLTR1T4GWPCF4XNUORSPZMUHOTAU25Q,2026-03-15T03:03:03.722581+00:00,0.3443,344300000,Water,11.0
CLTR1BCGZVW3ZZHDXQHSPQTQEYHEZZ4,B3,SD-2_1,PLT1RLOSUISCDIHOFWDWTLWCUPCOLQ,CellAI Experiment Plate,Active,CLTR1T4GWPCF4XNUORSPZMUHOTAU25Q,2026-03-15T03:03:03.722581+00:00,0.3443,344300000,Yeast Extract,20.0
CLTR1R7PC6AUHD67ETWWFP5REZSVPHM,B4,SD-3_1,PLT1RLOSUISCDIHOFWDWTLWCUPCOLQ,CellAI Experiment Plate,Active,CLTR1T4GWPCF4XNUORSPZMUHOTAU25Q,2026-03-15T03:03:03.722581+00:00,0.3639,363900000,MOPS (pH 7),9.0
CLTR1R7PC6AUHD67ETWWFP5REZSVPHM,B4,SD-3_1,PLT1RLOSUISCDIHOFWDWTLWCUPCOLQ,CellAI Experiment Plate,Active,CLTR1T4GWPCF4XNUORSPZMUHOTAU25Q,2026-03-15T03:03:03.722581+00:00,0.3639,363900000,Semi-Defined,125.0
CLTR1R7PC6AUHD67ETWWFP5REZSVPHM,B4,SD-3_1,PLT1RLOSUISCDIHOFWDWTLWCUPCOLQ,CellAI Experiment Plate,Active,CLTR1T4GWPCF4XNUORSPZMUHOTAU25Q,2026-03-15T03:03:03.722581+00:00,0.3639,363900000,Tryptone,20.0
CLTR1R7PC6AUHD67ETWWFP5REZSVPHM,B4,SD-3_1,PLT1RLOSUISCDIHOFWDWTLWCUPCOLQ,CellAI Experiment Plate,Active,CLTR1T4GWPCF4XNUORSPZMUHOTAU25Q,2026-03-15T03:03:03.722581+00:00,0.3639,363900000,Yeast Extract,26.0
CLTR1A76MBDI37SA364AHAD66FGRQ6I,B5,HB-1_1,PLT1RLOSUISCDIHOFWDWTLWCUPCOLQ,CellAI Experiment Plate,Active,CLTR1T4GWPCF4XNUORSPZMUHOTAU25Q,2026-03-15T03:03:03.722581+00:00,0.343,343000000,High Buffer Defined,110.0
CLTR1A76MBDI37SA364AHAD66FGRQ6I,B5,HB-1_1,PLT1RLOSUISCDIHOFWDWTLWCUPCOLQ,CellAI Experiment Plate,Active,CLTR1T4GWPCF4XNUORSPZMUHOTAU25Q,2026-03-15T03:03:03.722581+00:00,0.343,343000000,Na L-Glutamate,10.0
CLTR1A76MBDI37SA364AHAD66FGRQ6I,B5,HB-1_1,PLT1RLOSUISCDIHOFWDWTLWCUPCOLQ,CellAI Experiment Plate,Active,CLTR1T4GWPCF4XNUORSPZMUHOTAU25Q,2026-03-15T03:03:03.722581+00:00,0.343,343000000,Tryptone,26.0
CLTR1A76MBDI37SA364AHAD66FGRQ6I,B5,HB-1_1,PLT1RLOSUISCDIHOFWDWTLWCUPCOLQ,CellAI Experiment Plate,Active,CLTR1T4GWPCF4XNUORSPZMUHOTAU25Q,2026-03-15T03:03:03.722581+00:00,0.343,343000000,Water,20.0
CLTR1A76MBDI37SA364AHAD66FGRQ6I,B5,HB-1_1,PLT1RLOSUISCDIHOFWDWTLWCUPCOLQ,CellAI Experiment Plate,Active,CLTR1T4GWPCF4XNUORSPZMUHOTAU25Q,2026-03-15T03:03:03.722581+00:00,0.343,343000000,Yeast Extract,14.0
CLTR1B5PDGTPFXN3CUBSBOOCU3BWCVY,B6,HB-2_1,PLT1RLOSUISCDIHOFWDWTLWCUPCOLQ,CellAI Experiment Plate,Active,CLTR1T4GWPCF4XNUORSPZMUHOTAU25Q,2026-03-15T03:03:03.722581+00:00,0.3435,343500000,High Buffer Defined,110.0
CLTR1B5PDGTPFXN3CUBSBOOCU3BWCVY,B6,HB-2_1,PLT1RLOSUISCDIHOFWDWTLWCUPCOLQ,CellAI Experiment Plate,Active,CLTR1T4GWPCF4XNUORSPZMUHOTAU25Q,2026-03-15T03:03:03.722581+00:00,0.3435,343500000,Na L-Glutamate,6.0
CLTR1B5PDGTPFXN3CUBSBOOCU3BWCVY,B6,HB-2_1,PLT1RLOSUISCDIHOFWDWTLWCUPCOLQ,CellAI Experiment Plate,Active,CLTR1T4GWPCF4XNUORSPZMUHOTAU25Q,2026-03-15T03:03:03.722581+00:00,0.3435,343500000,Tryptone,14.0
CLTR1B5PDGTPFXN3CUBSBOOCU3BWCVY,B6,HB-2_1,PLT1RLOSUISCDIHOFWDWTLWCUPCOLQ,CellAI Experiment Plate,Active,CLTR1T4GWPCF4XNUORSPZMUHOTAU25Q,2026-03-15T03:03:03.722581+00:00,0.3435,343500000,Water,30.0
CLTR1B5PDGTPFXN3CUBSBOOCU3BWCVY,B6,HB-2_1,PLT1RLOSUISCDIHOFWDWTLWCUPCOLQ,CellAI Experiment Plate,Active,CLTR1T4GWPCF4XNUORSPZMUHOTAU25Q,2026-03-15T03:03:03.722581+00:00,0.3435,343500000,Yeast Extract,20.0
CLTR1LVWKRIQS4FTGFOOCM2ZPRF4YTQ,B7,HB-3_1,PLT1RLOSUISCDIHOFWDWTLWCUPCOLQ,CellAI Experiment Plate,Active,CLTR1T4GWPCF4XNUORSPZMUHOTAU25Q,2026-03-15T03:03:03.722581+00:00,0.3456,345600000,High Buffer Defined,110.0
CLTR1LVWKRIQS4FTGFOOCM2ZPRF4YTQ,B7,HB-3_1,PLT1RLOSUISCDIHOFWDWTLWCUPCOLQ,CellAI Experiment Plate,Active,CLTR1T4GWPCF4XNUORSPZMUHOTAU25Q,2026-03-15T03:03:03.722581+00:00,0.3456,345600000,Na L-Glutamate,8.0
CLTR1LVWKRIQS4FTGFOOCM2ZPRF4YTQ,B7,HB-3_1,PLT1RLOSUISCDIHOFWDWTLWCUPCOLQ,CellAI Experiment Plate,Active,CLTR1T4GWPCF4XNUORSPZMUHOTAU25Q,2026-03-15T03:03:03.722581+00:00,0.3456,345600000,Tryptone,20.0
CLTR1LVWKRIQS4FTGFOOCM2ZPRF4YTQ,B7,HB-3_1,PLT1RLOSUISCDIHOFWDWTLWCUPCOLQ,CellAI Experiment Plate,Active,CLTR1T4GWPCF4XNUORSPZMUHOTAU25Q,2026-03-15T03:03:03.722581+00:00,0.3456,345600000,Water,16.0
CLTR1LVWKRIQS4FTGFOOCM2ZPRF4YTQ,B7,HB-3_1,PLT1RLOSUISCDIHOFWDWTLWCUPCOLQ,CellAI Experiment Plate,Active,CLTR1T4GWPCF4XNUORSPZMUHOTAU25Q,2026-03-15T03:03:03.722581+00:00,0.3456,345600000,Yeast Extract,26.0
CLTR1KQB6MMPRTUXCMMUT2SCHGR4YIY,B8,LB-1_1,PLT1RLOSUISCDIHOFWDWTLWCUPCOLQ,CellAI Experiment Plate,Active,CLTR1T4GWPCF4XNUORSPZMUHOTAU25Q,2026-03-15T03:03:03.722581+00:00,0.2132,213200000,Glucose,18.0
CLTR1KQB6MMPRTUXCMMUT2SCHGR4YIY,B8,LB-1_1,PLT1RLOSUISCDIHOFWDWTLWCUPCOLQ,CellAI Experiment Plate,Active,CLTR1T4GWPCF4XNUORSPZMUHOTAU25Q,2026-03-15T03:03:03.722581+00:00,0.2132,213200000,KH2PO4 (monobasic),10.0
CLTR1KQB6MMPRTUXCMMUT2SCHGR4YIY,B8,LB-1_1,PLT1RLOSUISCDIHOFWDWTLWCUPCOLQ,CellAI Experiment Plate,Active,CLTR1T4GWPCF4XNUORSPZMUHOTAU25Q,2026-03-15T03:03:03.722581+00:00,0.2132,213200000,LBv2,130.0
CLTR1KQB6MMPRTUXCMMUT2SCHGR4YIY,B8,LB-1_1,PLT1RLOSUISCDIHOFWDWTLWCUPCOLQ,CellAI Experiment Plate,Active,CLTR1T4GWPCF4XNUORSPZMUHOTAU25Q,2026-03-15T03:03:03.722581+00:00,0.2132,213200000,MOPS (pH 7),12.0
CLTR1KQB6MMPRTUXCMMUT2SCHGR4YIY,B8,LB-1_1,PLT1RLOSUISCDIHOFWDWTLWCUPCOLQ,CellAI Experiment Plate,Active,CLTR1T4GWPCF4XNUORSPZMUHOTAU25Q,2026-03-15T03:03:03.722581+00:00,0.2132,213200000,Water,10.0
CLTR1JOYE4LGRICP3NJ7KMVULZKXDKM,B9,LB-2_1,PLT1RLOSUISCDIHOFWDWTLWCUPCOLQ,CellAI Experiment Plate,Active,CLTR1T4GWPCF4XNUORSPZMUHOTAU25Q,2026-03-15T03:03:03.722581+00:00,0.2475,247500000,Glucose,12.0
CLTR1JOYE4LGRICP3NJ7KMVULZKXDKM,B9,LB-2_1,PLT1RLOSUISCDIHOFWDWTLWCUPCOLQ,CellAI Experiment Plate,Active,CLTR1T4GWPCF4XNUORSPZMUHOTAU25Q,2026-03-15T03:03:03.722581+00:00,0.2475,247500000,KH2PO4 (monobasic),6.0
CLTR1JOYE4LGRICP3NJ7KMVULZKXDKM,B9,LB-2_1,PLT1RLOSUISCDIHOFWDWTLWCUPCOLQ,CellAI Experiment Plate,Active,CLTR1T4GWPCF4XNUORSPZMUHOTAU25Q,2026-03-15T03:03:03.722581+00:00,0.2475,247500000,LBv2,130.0
CLTR1JOYE4LGRICP3NJ7KMVULZKXDKM,B9,LB-2_1,PLT1RLOSUISCDIHOFWDWTLWCUPCOLQ,CellAI Experiment Plate,Active,CLTR1T4GWPCF4XNUORSPZMUHOTAU25Q,2026-03-15T03:03:03.722581+00:00,0.2475,247500000,MOPS (pH 7),16.0
CLTR1JOYE4LGRICP3NJ7KMVULZKXDKM,B9,LB-2_1,PLT1RLOSUISCDIHOFWDWTLWCUPCOLQ,CellAI Experiment Plate,Active,CLTR1T4GWPCF4XNUORSPZMUHOTAU25Q,2026-03-15T03:03:03.722581+00:00,0.2475,247500000,Water,16.0
CLTR1XYHKUWUCSG6OPAIORN3DWAELXU,B10,LB-3_1,PLT1RLOSUISCDIHOFWDWTLWCUPCOLQ,CellAI Experiment Plate,Active,CLTR1T4GWPCF4XNUORSPZMUHOTAU25Q,2026-03-15T03:12:59.940438+00:00,0.2704,270400000,Glucose,8.0
CLTR1XYHKUWUCSG6OPAIORN3DWAELXU,B10,LB-3_1,PLT1RLOSUISCDIHOFWDWTLWCUPCOLQ,CellAI Experiment Plate,Active,CLTR1T4GWPCF4XNUORSPZMUHOTAU25Q,2026-03-15T03:12:59.940438+00:00,0.2704,270400000,KH2PO4 (monobasic),8.0
CLTR1XYHKUWUCSG6OPAIORN3DWAELXU,B10,LB-3_1,PLT1RLOSUISCDIHOFWDWTLWCUPCOLQ,CellAI Experiment Plate,Active,CLTR1T4GWPCF4XNUORSPZMUHOTAU25Q,2026-03-15T03:12:59.940438+00:00,0.2704,270400000,LBv2,130.0
CLTR1XYHKUWUCSG6OPAIORN3DWAELXU,B10,LB-3_1,PLT1RLOSUISCDIHOFWDWTLWCUPCOLQ,CellAI Experiment Plate,Active,CLTR1T4GWPCF4XNUORSPZMUHOTAU25Q,2026-03-15T03:12:59.940438+00:00,0.2704,270400000,MOPS (pH 7),18.0
CLTR1XYHKUWUCSG6OPAIORN3DWAELXU,B10,LB-3_1,PLT1RLOSUISCDIHOFWDWTLWCUPCOLQ,CellAI Experiment Plate,Active,CLTR1T4GWPCF4XNUORSPZMUHOTAU25Q,2026-03-15T03:12:59.940438+00:00,0.2704,270400000,Water,16.0
CLTR1C5OOTJBWKOJ4S52VZLTA2R4OX4,B11,baseline_1,PLT1RLOSUISCDIHOFWDWTLWCUPCOLQ,CellAI Experiment Plate,Active,CLTR1T4GWPCF4XNUORSPZMUHOTAU25Q,2026-03-15T03:12:59.940438+00:00,0.285,285000000,Novel Bio Cyclone,180.0
CLTR1WJQCQ7PHGGUPJ5W5CPMXW7NE7Y,B2,SD-1_1,PLT1RLOSUISCDIHOFWDWTLWCUPCOLQ,CellAI Experiment Plate,Active,CLTR1T4GWPCF4XNUORSPZMUHOTAU25Q,2026-03-15T03:12:59.940438+00:00,0.4318,431800000,MOPS (pH 7),11.0
CLTR1WJQCQ7PHGGUPJ5W5CPMXW7NE7Y,B2,SD-1_1,PLT1RLOSUISCDIHOFWDWTLWCUPCOLQ,CellAI Experiment Plate,Active,CLTR1T4GWPCF4XNUORSPZMUHOTAU25Q,2026-03-15T03:12:59.940438+00:00,0.4318,431800000,Semi-Defined,129.0
CLTR1WJQCQ7PHGGUPJ5W5CPMXW7NE7Y,B2,SD-1_1,PLT1RLOSUISCDIHOFWDWTLWCUPCOLQ,CellAI Experiment Plate,Active,CLTR1T4GWPCF4XNUORSPZMUHOTAU25Q,2026-03-15T03:12:59.940438+00:00,0.4318,431800000,Tryptone,26.0
CLTR1WJQCQ7PHGGUPJ5W5CPMXW7NE7Y,B2,SD-1_1,PLT1RLOSUISCDIHOFWDWTLWCUPCOLQ,CellAI Experiment Plate,Active,CLTR1T4GWPCF4XNUORSPZMUHOTAU25Q,2026-03-15T03:12:59.940438+00:00,0.4318,431800000,Yeast Extract,14.0
CLTR1BCGZVW3ZZHDXQHSPQTQEYHEZZ4,B3,SD-2_1,PLT1RLOSUISCDIHOFWDWTLWCUPCOLQ,CellAI Experiment Plate,Active,CLTR1T4GWPCF4XNUORSPZMUHOTAU25Q,2026-03-15T03:12:59.940438+00:00,0.3959,395900000,MOPS (pH 7),7.0
CLTR1BCGZVW3ZZHDXQHSPQTQEYHEZZ4,B3,SD-2_1,PLT1RLOSUISCDIHOFWDWTLWCUPCOLQ,CellAI Experiment Plate,Active,CLTR1T4GWPCF4XNUORSPZMUHOTAU25Q,2026-03-15T03:12:59.940438+00:00,0.3959,395900000,Semi-Defined,128.0
CLTR1BCGZVW3ZZHDXQHSPQTQEYHEZZ4,B3,SD-2_1,PLT1RLOSUISCDIHOFWDWTLWCUPCOLQ,CellAI Experiment Plate,Active,CLTR1T4GWPCF4XNUORSPZMUHOTAU25Q,2026-03-15T03:12:59.940438+00:00,0.3959,395900000,Tryptone,14.0
CLTR1BCGZVW3ZZHDXQHSPQTQEYHEZZ4,B3,SD-2_1,PLT1RLOSUISCDIHOFWDWTLWCUPCOLQ,CellAI Experiment Plate,Active,CLTR1T4GWPCF4XNUORSPZMUHOTAU25Q,2026-03-15T03:12:59.940438+00:00,0.3959,395900000,Water,11.0
CLTR1BCGZVW3ZZHDXQHSPQTQEYHEZZ4,B3,SD-2_1,PLT1RLOSUISCDIHOFWDWTLWCUPCOLQ,CellAI Experiment Plate,Active,CLTR1T4GWPCF4XNUORSPZMUHOTAU25Q,2026-03-15T03:12:59.940438+00:00,0.3959,395900000,Yeast Extract,20.0
CLTR1R7PC6AUHD67ETWWFP5REZSVPHM,B4,SD-3_1,PLT1RLOSUISCDIHOFWDWTLWCUPCOLQ,CellAI Experiment Plate,Active,CLTR1T4GWPCF4XNUORSPZMUHOTAU25Q,2026-03-15T03:12:59.940438+00:00,0.4232,423200000,MOPS (pH 7),9.0
CLTR1R7PC6AUHD67ETWWFP5REZSVPHM,B4,SD-3_1,PLT1RLOSUISCDIHOFWDWTLWCUPCOLQ,CellAI Experiment Plate,Active,CLTR1T4GWPCF4XNUORSPZMUHOTAU25Q,2026-03-15T03:12:59.940438+00:00,0.4232,423200000,Semi-Defined,125.0
CLTR1R7PC6AUHD67ETWWFP5REZSVPHM,B4,SD-3_1,PLT1RLOSUISCDIHOFWDWTLWCUPCOLQ,CellAI Experiment Plate,Active,CLTR1T4GWPCF4XNUORSPZMUHOTAU25Q,2026-03-15T03:12:59.940438+00:00,0.4232,423200000,Tryptone,20.0
CLTR1R7PC6AUHD67ETWWFP5REZSVPHM,B4,SD-3_1,PLT1RLOSUISCDIHOFWDWTLWCUPCOLQ,CellAI Experiment Plate,Active,CLTR1T4GWPCF4XNUORSPZMUHOTAU25Q,2026-03-15T03:12:59.940438+00:00,0.4232,423200000,Yeast Extract,26.0
CLTR1A76MBDI37SA364AHAD66FGRQ6I,B5,HB-1_1,PLT1RLOSUISCDIHOFWDWTLWCUPCOLQ,CellAI Experiment Plate,Active,CLTR1T4GWPCF4XNUORSPZMUHOTAU25Q,2026-03-15T03:12:59.940438+00:00,0.4029,402900000,High Buffer Defined,110.0
CLTR1A76MBDI37SA364AHAD66FGRQ6I,B5,HB-1_1,PLT1RLOSUISCDIHOFWDWTLWCUPCOLQ,CellAI Experiment Plate,Active,CLTR1T4GWPCF4XNUORSPZMUHOTAU25Q,2026-03-15T03:12:59.940438+00:00,0.4029,402900000,Na L-Glutamate,10.0
CLTR1A76MBDI37SA364AHAD66FGRQ6I,B5,HB-1_1,PLT1RLOSUISCDIHOFWDWTLWCUPCOLQ,CellAI Experiment Plate,Active,CLTR1T4GWPCF4XNUORSPZMUHOTAU25Q,2026-03-15T03:12:59.940438+00:00,0.4029,402900000,Tryptone,26.0
CLTR1A76MBDI37SA364AHAD66FGRQ6I,B5,HB-1_1,PLT1RLOSUISCDIHOFWDWTLWCUPCOLQ,CellAI Experiment Plate,Active,CLTR1T4GWPCF4XNUORSPZMUHOTAU25Q,2026-03-15T03:12:59.940438+00:00,0.4029,402900000,Water,20.0
CLTR1A76MBDI37SA364AHAD66FGRQ6I,B5,HB-1_1,PLT1RLOSUISCDIHOFWDWTLWCUPCOLQ,CellAI Experiment Plate,Active,CLTR1T4GWPCF4XNUORSPZMUHOTAU25Q,2026-03-15T03:12:59.940438+00:00,0.4029,402900000,Yeast Extract,14.0
CLTR1B5PDGTPFXN3CUBSBOOCU3BWCVY,B6,HB-2_1,PLT1RLOSUISCDIHOFWDWTLWCUPCOLQ,CellAI Experiment Plate,Active,CLTR1T4GWPCF4XNUORSPZMUHOTAU25Q,2026-03-15T03:12:59.940438+00:00,0.4017,401700000,High Buffer Defined,110.0
CLTR1B5PDGTPFXN3CUBSBOOCU3BWCVY,B6,HB-2_1,PLT1RLOSUISCDIHOFWDWTLWCUPCOLQ,CellAI Experiment Plate,Active,CLTR1T4GWPCF4XNUORSPZMUHOTAU25Q,2026-03-15T03:12:59.940438+00:00,0.4017,401700000,Na L-Glutamate,6.0
CLTR1B5PDGTPFXN3CUBSBOOCU3BWCVY,B6,HB-2_1,PLT1RLOSUISCDIHOFWDWTLWCUPCOLQ,CellAI Experiment Plate,Active,CLTR1T4GWPCF4XNUORSPZMUHOTAU25Q,2026-03-15T03:12:59.940438+00:00,0.4017,401700000,Tryptone,14.0
CLTR1B5PDGTPFXN3CUBSBOOCU3BWCVY,B6,HB-2_1,PLT1RLOSUISCDIHOFWDWTLWCUPCOLQ,CellAI Experiment Plate,Active,CLTR1T4GWPCF4XNUORSPZMUHOTAU25Q,2026-03-15T03:12:59.940438+00:00,0.4017,401700000,Water,30.0
CLTR1B5PDGTPFXN3CUBSBOOCU3BWCVY,B6,HB-2_1,PLT1RLOSUISCDIHOFWDWTLWCUPCOLQ,CellAI Experiment Plate,Active,CLTR1T4GWPCF4XNUORSPZMUHOTAU25Q,2026-03-15T03:12:59.940438+00:00,0.4017,401700000,Yeast Extract,20.0
CLTR1LVWKRIQS4FTGFOOCM2ZPRF4YTQ,B7,HB-3_1,PLT1RLOSUISCDIHOFWDWTLWCUPCOLQ,CellAI Experiment Plate,Active,CLTR1T4GWPCF4XNUORSPZMUHOTAU25Q,2026-03-15T03:12:59.940438+00:00,0.3934,393400000,High Buffer Defined,110.0
CLTR1LVWKRIQS4FTGFOOCM2ZPRF4YTQ,B7,HB-3_1,PLT1RLOSUISCDIHOFWDWTLWCUPCOLQ,CellAI Experiment Plate,Active,CLTR1T4GWPCF4XNUORSPZMUHOTAU25Q,2026-03-15T03:12:59.940438+00:00,0.3934,393400000,Na L-Glutamate,8.0
CLTR1LVWKRIQS4FTGFOOCM2ZPRF4YTQ,B7,HB-3_1,PLT1RLOSUISCDIHOFWDWTLWCUPCOLQ,CellAI Experiment Plate,Active,CLTR1T4GWPCF4XNUORSPZMUHOTAU25Q,2026-03-15T03:12:59.940438+00:00,0.3934,393400000,Tryptone,20.0
CLTR1LVWKRIQS4FTGFOOCM2ZPRF4YTQ,B7,HB-3_1,PLT1RLOSUISCDIHOFWDWTLWCUPCOLQ,CellAI Experiment Plate,Active,CLTR1T4GWPCF4XNUORSPZMUHOTAU25Q,2026-03-15T03:12:59.940438+00:00,0.3934,393400000,Water,16.0
CLTR1LVWKRIQS4FTGFOOCM2ZPRF4YTQ,B7,HB-3_1,PLT1RLOSUISCDIHOFWDWTLWCUPCOLQ,CellAI Experiment Plate,Active,CLTR1T4GWPCF4XNUORSPZMUHOTAU25Q,2026-03-15T03:12:59.940438+00:00,0.3934,393400000,Yeast Extract,26.0
CLTR1KQB6MMPRTUXCMMUT2SCHGR4YIY,B8,LB-1_1,PLT1RLOSUISCDIHOFWDWTLWCUPCOLQ,CellAI Experiment Plate,Active,CLTR1T4GWPCF4XNUORSPZMUHOTAU25Q,2026-03-15T03:12:59.940438+00:00,0.2419,241900000,Glucose,18.0
CLTR1KQB6MMPRTUXCMMUT2SCHGR4YIY,B8,LB-1_1,PLT1RLOSUISCDIHOFWDWTLWCUPCOLQ,CellAI Experiment Plate,Active,CLTR1T4GWPCF4XNUORSPZMUHOTAU25Q,2026-03-15T03:12:59.940438+00:00,0.2419,241900000,KH2PO4 (monobasic),10.0
CLTR1KQB6MMPRTUXCMMUT2SCHGR4YIY,B8,LB-1_1,PLT1RLOSUISCDIHOFWDWTLWCUPCOLQ,CellAI Experiment Plate,Active,CLTR1T4GWPCF4XNUORSPZMUHOTAU25Q,2026-03-15T03:12:59.940438+00:00,0.2419,241900000,LBv2,130.0
CLTR1KQB6MMPRTUXCMMUT2SCHGR4YIY,B8,LB-1_1,PLT1RLOSUISCDIHOFWDWTLWCUPCOLQ,CellAI Experiment Plate,Active,CLTR1T4GWPCF4XNUORSPZMUHOTAU25Q,2026-03-15T03:12:59.940438+00:00,0.2419,241900000,MOPS (pH 7),12.0
CLTR1KQB6MMPRTUXCMMUT2SCHGR4YIY,B8,LB-1_1,PLT1RLOSUISCDIHOFWDWTLWCUPCOLQ,CellAI Experiment Plate,Active,CLTR1T4GWPCF4XNUORSPZMUHOTAU25Q,2026-03-15T03:12:59.940438+00:00,0.2419,241900000,Water,10.0
CLTR1JOYE4LGRICP3NJ7KMVULZKXDKM,B9,LB-2_1,PLT1RLOSUISCDIHOFWDWTLWCUPCOLQ,CellAI Experiment Plate,Active,CLTR1T4GWPCF4XNUORSPZMUHOTAU25Q,2026-03-15T03:12:59.940438+00:00,0.2842,284200000,Glucose,12.0
CLTR1JOYE4LGRICP3NJ7KMVULZKXDKM,B9,LB-2_1,PLT1RLOSUISCDIHOFWDWTLWCUPCOLQ,CellAI Experiment Plate,Active,CLTR1T4GWPCF4XNUORSPZMUHOTAU25Q,2026-03-15T03:12:59.940438+00:00,0.2842,284200000,KH2PO4 (monobasic),6.0
CLTR1JOYE4LGRICP3NJ7KMVULZKXDKM,B9,LB-2_1,PLT1RLOSUISCDIHOFWDWTLWCUPCOLQ,CellAI Experiment Plate,Active,CLTR1T4GWPCF4XNUORSPZMUHOTAU25Q,2026-03-15T03:12:59.940438+00:00,0.2842,284200000,LBv2,130.0
CLTR1JOYE4LGRICP3NJ7KMVULZKXDKM,B9,LB-2_1,PLT1RLOSUISCDIHOFWDWTLWCUPCOLQ,CellAI Experiment Plate,Active,CLTR1T4GWPCF4XNUORSPZMUHOTAU25Q,2026-03-15T03:12:59.940438+00:00,0.2842,284200000,MOPS (pH 7),16.0
CLTR1JOYE4LGRICP3NJ7KMVULZKXDKM,B9,LB-2_1,PLT1RLOSUISCDIHOFWDWTLWCUPCOLQ,CellAI Experiment Plate,Active,CLTR1T4GWPCF4XNUORSPZMUHOTAU25Q,2026-03-15T03:12:59.940438+00:00,0.2842,284200000,Water,16.0
CLTR1XYHKUWUCSG6OPAIORN3DWAELXU,B10,LB-3_1,PLT1RLOSUISCDIHOFWDWTLWCUPCOLQ,CellAI Experiment Plate,Active,CLTR1T4GWPCF4XNUORSPZMUHOTAU25Q,2026-03-15T03:23:00.022410+00:00,0.3156,315600000,Glucose,8.0
CLTR1XYHKUWUCSG6OPAIORN3DWAELXU,B10,LB-3_1,PLT1RLOSUISCDIHOFWDWTLWCUPCOLQ,CellAI Experiment Plate,Active,CLTR1T4GWPCF4XNUORSPZMUHOTAU25Q,2026-03-15T03:23:00.022410+00:00,0.3156,315600000,KH2PO4 (monobasic),8.0
CLTR1XYHKUWUCSG6OPAIORN3DWAELXU,B10,LB-3_1,PLT1RLOSUISCDIHOFWDWTLWCUPCOLQ,CellAI Experiment Plate,Active,CLTR1T4GWPCF4XNUORSPZMUHOTAU25Q,2026-03-15T03:23:00.022410+00:00,0.3156,315600000,LBv2,130.0
CLTR1XYHKUWUCSG6OPAIORN3DWAELXU,B10,LB-3_1,PLT1RLOSUISCDIHOFWDWTLWCUPCOLQ,CellAI Experiment Plate,Active,CLTR1T4GWPCF4XNUORSPZMUHOTAU25Q,2026-03-15T03:23:00.022410+00:00,0.3156,315600000,MOPS (pH 7),18.0
CLTR1XYHKUWUCSG6OPAIORN3DWAELXU,B10,LB-3_1,PLT1RLOSUISCDIHOFWDWTLWCUPCOLQ,CellAI Experiment Plate,Active,CLTR1T4GWPCF4XNUORSPZMUHOTAU25Q,2026-03-15T03:23:00.022410+00:00,0.3156,315600000,Water,16.0
CLTR1C5OOTJBWKOJ4S52VZLTA2R4OX4,B11,baseline_1,PLT1RLOSUISCDIHOFWDWTLWCUPCOLQ,CellAI Experiment Plate,Active,CLTR1T4GWPCF4XNUORSPZMUHOTAU25Q,2026-03-15T03:23:00.022410+00:00,0.3157,315700000,Novel Bio Cyclone,180.0
CLTR1WJQCQ7PHGGUPJ5W5CPMXW7NE7Y,B2,SD-1_1,PLT1RLOSUISCDIHOFWDWTLWCUPCOLQ,CellAI Experiment Plate,Active,CLTR1T4GWPCF4XNUORSPZMUHOTAU25Q,2026-03-15T03:23:00.022410+00:00,0.4651,465100000,MOPS (pH 7),11.0
CLTR1WJQCQ7PHGGUPJ5W5CPMXW7NE7Y,B2,SD-1_1,PLT1RLOSUISCDIHOFWDWTLWCUPCOLQ,CellAI Experiment Plate,Active,CLTR1T4GWPCF4XNUORSPZMUHOTAU25Q,2026-03-15T03:23:00.022410+00:00,0.4651,465100000,Semi-Defined,129.0
CLTR1WJQCQ7PHGGUPJ5W5CPMXW7NE7Y,B2,SD-1_1,PLT1RLOSUISCDIHOFWDWTLWCUPCOLQ,CellAI Experiment Plate,Active,CLTR1T4GWPCF4XNUORSPZMUHOTAU25Q,2026-03-15T03:23:00.022410+00:00,0.4651,465100000,Tryptone,26.0
CLTR1WJQCQ7PHGGUPJ5W5CPMXW7NE7Y,B2,SD-1_1,PLT1RLOSUISCDIHOFWDWTLWCUPCOLQ,CellAI Experiment Plate,Active,CLTR1T4GWPCF4XNUORSPZMUHOTAU25Q,2026-03-15T03:23:00.022410+00:00,0.4651,465100000,Yeast Extract,14.0
CLTR1BCGZVW3ZZHDXQHSPQTQEYHEZZ4,B3,SD-2_1,PLT1RLOSUISCDIHOFWDWTLWCUPCOLQ,CellAI Experiment Plate,Active,CLTR1T4GWPCF4XNUORSPZMUHOTAU25Q,2026-03-15T03:23:00.022410+00:00,0.4295,429500000,MOPS (pH 7),7.0
CLTR1BCGZVW3ZZHDXQHSPQTQEYHEZZ4,B3,SD-2_1,PLT1RLOSUISCDIHOFWDWTLWCUPCOLQ,CellAI Experiment Plate,Active,CLTR1T4GWPCF4XNUORSPZMUHOTAU25Q,2026-03-15T03:23:00.022410+00:00,0.4295,429500000,Semi-Defined,128.0
CLTR1BCGZVW3ZZHDXQHSPQTQEYHEZZ4,B3,SD-2_1,PLT1RLOSUISCDIHOFWDWTLWCUPCOLQ,CellAI Experiment Plate,Active,CLTR1T4GWPCF4XNUORSPZMUHOTAU25Q,2026-03-15T03:23:00.022410+00:00,0.4295,429500000,Tryptone,14.0
CLTR1BCGZVW3ZZHDXQHSPQTQEYHEZZ4,B3,SD-2_1,PLT1RLOSUISCDIHOFWDWTLWCUPCOLQ,CellAI Experiment Plate,Active,CLTR1T4GWPCF4XNUORSPZMUHOTAU25Q,2026-03-15T03:23:00.022410+00:00,0.4295,429500000,Water,11.0
CLTR1BCGZVW3ZZHDXQHSPQTQEYHEZZ4,B3,SD-2_1,PLT1RLOSUISCDIHOFWDWTLWCUPCOLQ,CellAI Experiment Plate,Active,CLTR1T4GWPCF4XNUORSPZMUHOTAU25Q,2026-03-15T03:23:00.022410+00:00,0.4295,429500000,Yeast Extract,20.0
CLTR1R7PC6AUHD67ETWWFP5REZSVPHM,B4,SD-3_1,PLT1RLOSUISCDIHOFWDWTLWCUPCOLQ,CellAI Experiment Plate,Active,CLTR1T4GWPCF4XNUORSPZMUHOTAU25Q,2026-03-15T03:23:00.022410+00:00,0.4635,463500000,MOPS (pH 7),9.0
CLTR1R7PC6AUHD67ETWWFP5REZSVPHM,B4,SD-3_1,PLT1RLOSUISCDIHOFWDWTLWCUPCOLQ,CellAI Experiment Plate,Active,CLTR1T4GWPCF4XNUORSPZMUHOTAU25Q,2026-03-15T03:23:00.022410+00:00,0.4635,463500000,Semi-Defined,125.0
CLTR1R7PC6AUHD67ETWWFP5REZSVPHM,B4,SD-3_1,PLT1RLOSUISCDIHOFWDWTLWCUPCOLQ,CellAI Experiment Plate,Active,CLTR1T4GWPCF4XNUORSPZMUHOTAU25Q,2026-03-15T03:23:00.022410+00:00,0.4635,463500000,Tryptone,20.0
CLTR1R7PC6AUHD67ETWWFP5REZSVPHM,B4,SD-3_1,PLT1RLOSUISCDIHOFWDWTLWCUPCOLQ,CellAI Experiment Plate,Active,CLTR1T4GWPCF4XNUORSPZMUHOTAU25Q,2026-03-15T03:23:00.022410+00:00,0.4635,463500000,Yeast Extract,26.0
CLTR1A76MBDI37SA364AHAD66FGRQ6I,B5,HB-1_1,PLT1RLOSUISCDIHOFWDWTLWCUPCOLQ,CellAI Experiment Plate,Active,CLTR1T4GWPCF4XNUORSPZMUHOTAU25Q,2026-03-15T03:23:00.022410+00:00,0.4328,432800000,High Buffer Defined,110.0
CLTR1A76MBDI37SA364AHAD66FGRQ6I,B5,HB-1_1,PLT1RLOSUISCDIHOFWDWTLWCUPCOLQ,CellAI Experiment Plate,Active,CLTR1T4GWPCF4XNUORSPZMUHOTAU25Q,2026-03-15T03:23:00.022410+00:00,0.4328,432800000,Na L-Glutamate,10.0
CLTR1A76MBDI37SA364AHAD66FGRQ6I,B5,HB-1_1,PLT1RLOSUISCDIHOFWDWTLWCUPCOLQ,CellAI Experiment Plate,Active,CLTR1T4GWPCF4XNUORSPZMUHOTAU25Q,2026-03-15T03:23:00.022410+00:00,0.4328,432800000,Tryptone,26.0
CLTR1A76MBDI37SA364AHAD66FGRQ6I,B5,HB-1_1,PLT1RLOSUISCDIHOFWDWTLWCUPCOLQ,CellAI Experiment Plate,Active,CLTR1T4GWPCF4XNUORSPZMUHOTAU25Q,2026-03-15T03:23:00.022410+00:00,0.4328,432800000,Water,20.0
CLTR1A76MBDI37SA364AHAD66FGRQ6I,B5,HB-1_1,PLT1RLOSUISCDIHOFWDWTLWCUPCOLQ,CellAI Experiment Plate,Active,CLTR1T4GWPCF4XNUORSPZMUHOTAU25Q,2026-03-15T03:23:00.022410+00:00,0.4328,432800000,Yeast Extract,14.0
CLTR1B5PDGTPFXN3CUBSBOOCU3BWCVY,B6,HB-2_1,PLT1RLOSUISCDIHOFWDWTLWCUPCOLQ,CellAI Experiment Plate,Active,CLTR1T4GWPCF4XNUORSPZMUHOTAU25Q,2026-03-15T03:23:00.022410+00:00,0.4395,439500000,High Buffer Defined,110.0
CLTR1B5PDGTPFXN3CUBSBOOCU3BWCVY,B6,HB-2_1,PLT1RLOSUISCDIHOFWDWTLWCUPCOLQ,CellAI Experiment Plate,Active,CLTR1T4GWPCF4XNUORSPZMUHOTAU25Q,2026-03-15T03:23:00.022410+00:00,0.4395,439500000,Na L-Glutamate,6.0
CLTR1B5PDGTPFXN3CUBSBOOCU3BWCVY,B6,HB-2_1,PLT1RLOSUISCDIHOFWDWTLWCUPCOLQ,CellAI Experiment Plate,Active,CLTR1T4GWPCF4XNUORSPZMUHOTAU25Q,2026-03-15T03:23:00.022410+00:00,0.4395,439500000,Tryptone,14.0
CLTR1B5PDGTPFXN3CUBSBOOCU3BWCVY,B6,HB-2_1,PLT1RLOSUISCDIHOFWDWTLWCUPCOLQ,CellAI Experiment Plate,Active,CLTR1T4GWPCF4XNUORSPZMUHOTAU25Q,2026-03-15T03:23:00.022410+00:00,0.4395,439500000,Water,30.0
CLTR1B5PDGTPFXN3CUBSBOOCU3BWCVY,B6,HB-2_1,PLT1RLOSUISCDIHOFWDWTLWCUPCOLQ,CellAI Experiment Plate,Active,CLTR1T4GWPCF4XNUORSPZMUHOTAU25Q,2026-03-15T03:23:00.022410+00:00,0.4395,439500000,Yeast Extract,20.0
CLTR1LVWKRIQS4FTGFOOCM2ZPRF4YTQ,B7,HB-3_1,PLT1RLOSUISCDIHOFWDWTLWCUPCOLQ,CellAI Experiment Plate,Active,CLTR1T4GWPCF4XNUORSPZMUHOTAU25Q,2026-03-15T03:23:00.022410+00:00,0.4477,447700000,High Buffer Defined,110.0
CLTR1LVWKRIQS4FTGFOOCM2ZPRF4YTQ,B7,HB-3_1,PLT1RLOSUISCDIHOFWDWTLWCUPCOLQ,CellAI Experiment Plate,Active,CLTR1T4GWPCF4XNUORSPZMUHOTAU25Q,2026-03-15T03:23:00.022410+00:00,0.4477,447700000,Na L-Glutamate,8.0
CLTR1LVWKRIQS4FTGFOOCM2ZPRF4YTQ,B7,HB-3_1,PLT1RLOSUISCDIHOFWDWTLWCUPCOLQ,CellAI Experiment Plate,Active,CLTR1T4GWPCF4XNUORSPZMUHOTAU25Q,2026-03-15T03:23:00.022410+00:00,0.4477,447700000,Tryptone,20.0
CLTR1LVWKRIQS4FTGFOOCM2ZPRF4YTQ,B7,HB-3_1,PLT1RLOSUISCDIHOFWDWTLWCUPCOLQ,CellAI Experiment Plate,Active,CLTR1T4GWPCF4XNUORSPZMUHOTAU25Q,2026-03-15T03:23:00.022410+00:00,0.4477,447700000,Water,16.0
CLTR1LVWKRIQS4FTGFOOCM2ZPRF4YTQ,B7,HB-3_1,PLT1RLOSUISCDIHOFWDWTLWCUPCOLQ,CellAI Experiment Plate,Active,CLTR1T4GWPCF4XNUORSPZMUHOTAU25Q,2026-03-15T03:23:00.022410+00:00,0.4477,447700000,Yeast Extract,26.0
CLTR1KQB6MMPRTUXCMMUT2SCHGR4YIY,B8,LB-1_1,PLT1RLOSUISCDIHOFWDWTLWCUPCOLQ,CellAI Experiment Plate,Active,CLTR1T4GWPCF4XNUORSPZMUHOTAU25Q,2026-03-15T03:23:00.022410+00:00,0.2751,275100000,Glucose,18.0
CLTR1KQB6MMPRTUXCMMUT2SCHGR4YIY,B8,LB-1_1,PLT1RLOSUISCDIHOFWDWTLWCUPCOLQ,CellAI Experiment Plate,Active,CLTR1T4GWPCF4XNUORSPZMUHOTAU25Q,2026-03-15T03:23:00.022410+00:00,0.2751,275100000,KH2PO4 (monobasic),10.0
CLTR1KQB6MMPRTUXCMMUT2SCHGR4YIY,B8,LB-1_1,PLT1RLOSUISCDIHOFWDWTLWCUPCOLQ,CellAI Experiment Plate,Active,CLTR1T4GWPCF4XNUORSPZMUHOTAU25Q,2026-03-15T03:23:00.022410+00:00,0.2751,275100000,LBv2,130.0
CLTR1KQB6MMPRTUXCMMUT2SCHGR4YIY,B8,LB-1_1,PLT1RLOSUISCDIHOFWDWTLWCUPCOLQ,CellAI Experiment Plate,Active,CLTR1T4GWPCF4XNUORSPZMUHOTAU25Q,2026-03-15T03:23:00.022410+00:00,0.2751,275100000,MOPS (pH 7),12.0
CLTR1KQB6MMPRTUXCMMUT2SCHGR4YIY,B8,LB-1_1,PLT1RLOSUISCDIHOFWDWTLWCUPCOLQ,CellAI Experiment Plate,Active,CLTR1T4GWPCF4XNUORSPZMUHOTAU25Q,2026-03-15T03:23:00.022410+00:00,0.2751,275100000,Water,10.0
CLTR1JOYE4LGRICP3NJ7KMVULZKXDKM,B9,LB-2_1,PLT1RLOSUISCDIHOFWDWTLWCUPCOLQ,CellAI Experiment Plate,Active,CLTR1T4GWPCF4XNUORSPZMUHOTAU25Q,2026-03-15T03:23:00.022410+00:00,0.3309,330900000,Glucose,12.0
CLTR1JOYE4LGRICP3NJ7KMVULZKXDKM,B9,LB-2_1,PLT1RLOSUISCDIHOFWDWTLWCUPCOLQ,CellAI Experiment Plate,Active,CLTR1T4GWPCF4XNUORSPZMUHOTAU25Q,2026-03-15T03:23:00.022410+00:00,0.3309,330900000,KH2PO4 (monobasic),6.0
CLTR1JOYE4LGRICP3NJ7KMVULZKXDKM,B9,LB-2_1,PLT1RLOSUISCDIHOFWDWTLWCUPCOLQ,CellAI Experiment Plate,Active,CLTR1T4GWPCF4XNUORSPZMUHOTAU25Q,2026-03-15T03:23:00.022410+00:00,0.3309,330900000,LBv2,130.0
CLTR1JOYE4LGRICP3NJ7KMVULZKXDKM,B9,LB-2_1,PLT1RLOSUISCDIHOFWDWTLWCUPCOLQ,CellAI Experiment Plate,Active,CLTR1T4GWPCF4XNUORSPZMUHOTAU25Q,2026-03-15T03:23:00.022410+00:00,0.3309,330900000,MOPS (pH 7),16.0
CLTR1JOYE4LGRICP3NJ7KMVULZKXDKM,B9,LB-2_1,PLT1RLOSUISCDIHOFWDWTLWCUPCOLQ,CellAI Experiment Plate,Active,CLTR1T4GWPCF4XNUORSPZMUHOTAU25Q,2026-03-15T03:23:00.022410+00:00,0.3309,330900000,Water,16.0
CLTR1XYHKUWUCSG6OPAIORN3DWAELXU,B10,LB-3_1,PLT1RLOSUISCDIHOFWDWTLWCUPCOLQ,CellAI Experiment Plate,Active,CLTR1T4GWPCF4XNUORSPZMUHOTAU25Q,2026-03-15T03:33:02.248492+00:00,0.3491,349100000,Glucose,8.0
CLTR1XYHKUWUCSG6OPAIORN3DWAELXU,B10,LB-3_1,PLT1RLOSUISCDIHOFWDWTLWCUPCOLQ,CellAI Experiment Plate,Active,CLTR1T4GWPCF4XNUORSPZMUHOTAU25Q,2026-03-15T03:33:02.248492+00:00,0.3491,349100000,KH2PO4 (monobasic),8.0
CLTR1XYHKUWUCSG6OPAIORN3DWAELXU,B10,LB-3_1,PLT1RLOSUISCDIHOFWDWTLWCUPCOLQ,CellAI Experiment Plate,Active,CLTR1T4GWPCF4XNUORSPZMUHOTAU25Q,2026-03-15T03:33:02.248492+00:00,0.3491,349100000,LBv2,130.0
CLTR1XYHKUWUCSG6OPAIORN3DWAELXU,B10,LB-3_1,PLT1RLOSUISCDIHOFWDWTLWCUPCOLQ,CellAI Experiment Plate,Active,CLTR1T4GWPCF4XNUORSPZMUHOTAU25Q,2026-03-15T03:33:02.248492+00:00,0.3491,349100000,MOPS (pH 7),18.0
CLTR1XYHKUWUCSG6OPAIORN3DWAELXU,B10,LB-3_1,PLT1RLOSUISCDIHOFWDWTLWCUPCOLQ,CellAI Experiment Plate,Active,CLTR1T4GWPCF4XNUORSPZMUHOTAU25Q,2026-03-15T03:33:02.248492+00:00,0.3491,349100000,Water,16.0
CLTR1C5OOTJBWKOJ4S52VZLTA2R4OX4,B11,baseline_1,PLT1RLOSUISCDIHOFWDWTLWCUPCOLQ,CellAI Experiment Plate,Active,CLTR1T4GWPCF4XNUORSPZMUHOTAU25Q,2026-03-15T03:33:02.248492+00:00,0.3297,329700000,Novel Bio Cyclone,180.0
CLTR1WJQCQ7PHGGUPJ5W5CPMXW7NE7Y,B2,SD-1_1,PLT1RLOSUISCDIHOFWDWTLWCUPCOLQ,CellAI Experiment Plate,Active,CLTR1T4GWPCF4XNUORSPZMUHOTAU25Q,2026-03-15T03:33:02.248492+00:00,0.4852,485200000,MOPS (pH 7),11.0
CLTR1WJQCQ7PHGGUPJ5W5CPMXW7NE7Y,B2,SD-1_1,PLT1RLOSUISCDIHOFWDWTLWCUPCOLQ,CellAI Experiment Plate,Active,CLTR1T4GWPCF4XNUORSPZMUHOTAU25Q,2026-03-15T03:33:02.248492+00:00,0.4852,485200000,Semi-Defined,129.0
CLTR1WJQCQ7PHGGUPJ5W5CPMXW7NE7Y,B2,SD-1_1,PLT1RLOSUISCDIHOFWDWTLWCUPCOLQ,CellAI Experiment Plate,Active,CLTR1T4GWPCF4XNUORSPZMUHOTAU25Q,2026-03-15T03:33:02.248492+00:00,0.4852,485200000,Tryptone,26.0
CLTR1WJQCQ7PHGGUPJ5W5CPMXW7NE7Y,B2,SD-1_1,PLT1RLOSUISCDIHOFWDWTLWCUPCOLQ,CellAI Experiment Plate,Active,CLTR1T4GWPCF4XNUORSPZMUHOTAU25Q,2026-03-15T03:33:02.248492+00:00,0.4852,485200000,Yeast Extract,14.0
CLTR1BCGZVW3ZZHDXQHSPQTQEYHEZZ4,B3,SD-2_1,PLT1RLOSUISCDIHOFWDWTLWCUPCOLQ,CellAI Experiment Plate,Active,CLTR1T4GWPCF4XNUORSPZMUHOTAU25Q,2026-03-15T03:33:02.248492+00:00,0.4477,447700000,MOPS (pH 7),7.0
CLTR1BCGZVW3ZZHDXQHSPQTQEYHEZZ4,B3,SD-2_1,PLT1RLOSUISCDIHOFWDWTLWCUPCOLQ,CellAI Experiment Plate,Active,CLTR1T4GWPCF4XNUORSPZMUHOTAU25Q,2026-03-15T03:33:02.248492+00:00,0.4477,447700000,Semi-Defined,128.0
CLTR1BCGZVW3ZZHDXQHSPQTQEYHEZZ4,B3,SD-2_1,PLT1RLOSUISCDIHOFWDWTLWCUPCOLQ,CellAI Experiment Plate,Active,CLTR1T4GWPCF4XNUORSPZMUHOTAU25Q,2026-03-15T03:33:02.248492+00:00,0.4477,447700000,Tryptone,14.0
CLTR1BCGZVW3ZZHDXQHSPQTQEYHEZZ4,B3,SD-2_1,PLT1RLOSUISCDIHOFWDWTLWCUPCOLQ,CellAI Experiment Plate,Active,CLTR1T4GWPCF4XNUORSPZMUHOTAU25Q,2026-03-15T03:33:02.248492+00:00,0.4477,447700000,Water,11.0
CLTR1BCGZVW3ZZHDXQHSPQTQEYHEZZ4,B3,SD-2_1,PLT1RLOSUISCDIHOFWDWTLWCUPCOLQ,CellAI Experiment Plate,Active,CLTR1T4GWPCF4XNUORSPZMUHOTAU25Q,2026-03-15T03:33:02.248492+00:00,0.4477,447700000,Yeast Extract,20.0
CLTR1R7PC6AUHD67ETWWFP5REZSVPHM,B4,SD-3_1,PLT1RLOSUISCDIHOFWDWTLWCUPCOLQ,CellAI Experiment Plate,Active,CLTR1T4GWPCF4XNUORSPZMUHOTAU25Q,2026-03-15T03:33:02.248492+00:00,0.4882,488200000,MOPS (pH 7),9.0
CLTR1R7PC6AUHD67ETWWFP5REZSVPHM,B4,SD-3_1,PLT1RLOSUISCDIHOFWDWTLWCUPCOLQ,CellAI Experiment Plate,Active,CLTR1T4GWPCF4XNUORSPZMUHOTAU25Q,2026-03-15T03:33:02.248492+00:00,0.4882,488200000,Semi-Defined,125.0
CLTR1R7PC6AUHD67ETWWFP5REZSVPHM,B4,SD-3_1,PLT1RLOSUISCDIHOFWDWTLWCUPCOLQ,CellAI Experiment Plate,Active,CLTR1T4GWPCF4XNUORSPZMUHOTAU25Q,2026-03-15T03:33:02.248492+00:00,0.4882,488200000,Tryptone,20.0
CLTR1R7PC6AUHD67ETWWFP5REZSVPHM,B4,SD-3_1,PLT1RLOSUISCDIHOFWDWTLWCUPCOLQ,CellAI Experiment Plate,Active,CLTR1T4GWPCF4XNUORSPZMUHOTAU25Q,2026-03-15T03:33:02.248492+00:00,0.4882,488200000,Yeast Extract,26.0
CLTR1A76MBDI37SA364AHAD66FGRQ6I,B5,HB-1_1,PLT1RLOSUISCDIHOFWDWTLWCUPCOLQ,CellAI Experiment Plate,Active,CLTR1T4GWPCF4XNUORSPZMUHOTAU25Q,2026-03-15T03:33:02.248492+00:00,0.4455,445500000,High Buffer Defined,110.0
CLTR1A76MBDI37SA364AHAD66FGRQ6I,B5,HB-1_1,PLT1RLOSUISCDIHOFWDWTLWCUPCOLQ,CellAI Experiment Plate,Active,CLTR1T4GWPCF4XNUORSPZMUHOTAU25Q,2026-03-15T03:33:02.248492+00:00,0.4455,445500000,Na L-Glutamate,10.0
CLTR1A76MBDI37SA364AHAD66FGRQ6I,B5,HB-1_1,PLT1RLOSUISCDIHOFWDWTLWCUPCOLQ,CellAI Experiment Plate,Active,CLTR1T4GWPCF4XNUORSPZMUHOTAU25Q,2026-03-15T03:33:02.248492+00:00,0.4455,445500000,Tryptone,26.0
CLTR1A76MBDI37SA364AHAD66FGRQ6I,B5,HB-1_1,PLT1RLOSUISCDIHOFWDWTLWCUPCOLQ,CellAI Experiment Plate,Active,CLTR1T4GWPCF4XNUORSPZMUHOTAU25Q,2026-03-15T03:33:02.248492+00:00,0.4455,445500000,Water,20.0
CLTR1A76MBDI37SA364AHAD66FGRQ6I,B5,HB-1_1,PLT1RLOSUISCDIHOFWDWTLWCUPCOLQ,CellAI Experiment Plate,Active,CLTR1T4GWPCF4XNUORSPZMUHOTAU25Q,2026-03-15T03:33:02.248492+00:00,0.4455,445500000,Yeast Extract,14.0
CLTR1B5PDGTPFXN3CUBSBOOCU3BWCVY,B6,HB-2_1,PLT1RLOSUISCDIHOFWDWTLWCUPCOLQ,CellAI Experiment Plate,Active,CLTR1T4GWPCF4XNUORSPZMUHOTAU25Q,2026-03-15T03:33:02.248492+00:00,0.4722,472200000,High Buffer Defined,110.0
CLTR1B5PDGTPFXN3CUBSBOOCU3BWCVY,B6,HB-2_1,PLT1RLOSUISCDIHOFWDWTLWCUPCOLQ,CellAI Experiment Plate,Active,CLTR1T4GWPCF4XNUORSPZMUHOTAU25Q,2026-03-15T03:33:02.248492+00:00,0.4722,472200000,Na L-Glutamate,6.0
CLTR1B5PDGTPFXN3CUBSBOOCU3BWCVY,B6,HB-2_1,PLT1RLOSUISCDIHOFWDWTLWCUPCOLQ,CellAI Experiment Plate,Active,CLTR1T4GWPCF4XNUORSPZMUHOTAU25Q,2026-03-15T03:33:02.248492+00:00,0.4722,472200000,Tryptone,14.0
CLTR1B5PDGTPFXN3CUBSBOOCU3BWCVY,B6,HB-2_1,PLT1RLOSUISCDIHOFWDWTLWCUPCOLQ,CellAI Experiment Plate,Active,CLTR1T4GWPCF4XNUORSPZMUHOTAU25Q,2026-03-15T03:33:02.248492+00:00,0.4722,472200000,Water,30.0
CLTR1B5PDGTPFXN3CUBSBOOCU3BWCVY,B6,HB-2_1,PLT1RLOSUISCDIHOFWDWTLWCUPCOLQ,CellAI Experiment Plate,Active,CLTR1T4GWPCF4XNUORSPZMUHOTAU25Q,2026-03-15T03:33:02.248492+00:00,0.4722,472200000,Yeast Extract,20.0
CLTR1LVWKRIQS4FTGFOOCM2ZPRF4YTQ,B7,HB-3_1,PLT1RLOSUISCDIHOFWDWTLWCUPCOLQ,CellAI Experiment Plate,Active,CLTR1T4GWPCF4XNUORSPZMUHOTAU25Q,2026-03-15T03:33:02.248492+00:00,0.4846,484600000,High Buffer Defined,110.0
CLTR1LVWKRIQS4FTGFOOCM2ZPRF4YTQ,B7,HB-3_1,PLT1RLOSUISCDIHOFWDWTLWCUPCOLQ,CellAI Experiment Plate,Active,CLTR1T4GWPCF4XNUORSPZMUHOTAU25Q,2026-03-15T03:33:02.248492+00:00,0.4846,484600000,Na L-Glutamate,8.0
CLTR1LVWKRIQS4FTGFOOCM2ZPRF4YTQ,B7,HB-3_1,PLT1RLOSUISCDIHOFWDWTLWCUPCOLQ,CellAI Experiment Plate,Active,CLTR1T4GWPCF4XNUORSPZMUHOTAU25Q,2026-03-15T03:33:02.248492+00:00,0.4846,484600000,Tryptone,20.0
CLTR1LVWKRIQS4FTGFOOCM2ZPRF4YTQ,B7,HB-3_1,PLT1RLOSUISCDIHOFWDWTLWCUPCOLQ,CellAI Experiment Plate,Active,CLTR1T4GWPCF4XNUORSPZMUHOTAU25Q,2026-03-15T03:33:02.248492+00:00,0.4846,484600000,Water,16.0
CLTR1LVWKRIQS4FTGFOOCM2ZPRF4YTQ,B7,HB-3_1,PLT1RLOSUISCDIHOFWDWTLWCUPCOLQ,CellAI Experiment Plate,Active,CLTR1T4GWPCF4XNUORSPZMUHOTAU25Q,2026-03-15T03:33:02.248492+00:00,0.4846,484600000,Yeast Extract,26.0
CLTR1KQB6MMPRTUXCMMUT2SCHGR4YIY,B8,LB-1_1,PLT1RLOSUISCDIHOFWDWTLWCUPCOLQ,CellAI Experiment Plate,Active,CLTR1T4GWPCF4XNUORSPZMUHOTAU25Q,2026-03-15T03:33:02.248492+00:00,0.2994,299400000,Glucose,18.0
CLTR1KQB6MMPRTUXCMMUT2SCHGR4YIY,B8,LB-1_1,PLT1RLOSUISCDIHOFWDWTLWCUPCOLQ,CellAI Experiment Plate,Active,CLTR1T4GWPCF4XNUORSPZMUHOTAU25Q,2026-03-15T03:33:02.248492+00:00,0.2994,299400000,KH2PO4 (monobasic),10.0
CLTR1KQB6MMPRTUXCMMUT2SCHGR4YIY,B8,LB-1_1,PLT1RLOSUISCDIHOFWDWTLWCUPCOLQ,CellAI Experiment Plate,Active,CLTR1T4GWPCF4XNUORSPZMUHOTAU25Q,2026-03-15T03:33:02.248492+00:00,0.2994,299400000,LBv2,130.0
CLTR1KQB6MMPRTUXCMMUT2SCHGR4YIY,B8,LB-1_1,PLT1RLOSUISCDIHOFWDWTLWCUPCOLQ,CellAI Experiment Plate,Active,CLTR1T4GWPCF4XNUORSPZMUHOTAU25Q,2026-03-15T03:33:02.248492+00:00,0.2994,299400000,MOPS (pH 7),12.0
CLTR1KQB6MMPRTUXCMMUT2SCHGR4YIY,B8,LB-1_1,PLT1RLOSUISCDIHOFWDWTLWCUPCOLQ,CellAI Experiment Plate,Active,CLTR1T4GWPCF4XNUORSPZMUHOTAU25Q,2026-03-15T03:33:02.248492+00:00,0.2994,299400000,Water,10.0
CLTR1JOYE4LGRICP3NJ7KMVULZKXDKM,B9,LB-2_1,PLT1RLOSUISCDIHOFWDWTLWCUPCOLQ,CellAI Experiment Plate,Active,CLTR1T4GWPCF4XNUORSPZMUHOTAU25Q,2026-03-15T03:33:02.248492+00:00,0.3666,366600000,Glucose,12.0
CLTR1JOYE4LGRICP3NJ7KMVULZKXDKM,B9,LB-2_1,PLT1RLOSUISCDIHOFWDWTLWCUPCOLQ,CellAI Experiment Plate,Active,CLTR1T4GWPCF4XNUORSPZMUHOTAU25Q,2026-03-15T03:33:02.248492+00:00,0.3666,366600000,KH2PO4 (monobasic),6.0
CLTR1JOYE4LGRICP3NJ7KMVULZKXDKM,B9,LB-2_1,PLT1RLOSUISCDIHOFWDWTLWCUPCOLQ,CellAI Experiment Plate,Active,CLTR1T4GWPCF4XNUORSPZMUHOTAU25Q,2026-03-15T03:33:02.248492+00:00,0.3666,366600000,LBv2,130.0
CLTR1JOYE4LGRICP3NJ7KMVULZKXDKM,B9,LB-2_1,PLT1RLOSUISCDIHOFWDWTLWCUPCOLQ,CellAI Experiment Plate,Active,CLTR1T4GWPCF4XNUORSPZMUHOTAU25Q,2026-03-15T03:33:02.248492+00:00,0.3666,366600000,MOPS (pH 7),16.0
CLTR1JOYE4LGRICP3NJ7KMVULZKXDKM,B9,LB-2_1,PLT1RLOSUISCDIHOFWDWTLWCUPCOLQ,CellAI Experiment Plate,Active,CLTR1T4GWPCF4XNUORSPZMUHOTAU25Q,2026-03-15T03:33:02.248492+00:00,0.3666,366600000,Water,16.0
CLTR1XYHKUWUCSG6OPAIORN3DWAELXU,B10,LB-3_1,PLT1RLOSUISCDIHOFWDWTLWCUPCOLQ,CellAI Experiment Plate,Active,CLTR1T4GWPCF4XNUORSPZMUHOTAU25Q,2026-03-15T03:43:00.457277+00:00,0.3751,375100000,Glucose,8.0
CLTR1XYHKUWUCSG6OPAIORN3DWAELXU,B10,LB-3_1,PLT1RLOSUISCDIHOFWDWTLWCUPCOLQ,CellAI Experiment Plate,Active,CLTR1T4GWPCF4XNUORSPZMUHOTAU25Q,2026-03-15T03:43:00.457277+00:00,0.3751,375100000,KH2PO4 (monobasic),8.0
CLTR1XYHKUWUCSG6OPAIORN3DWAELXU,B10,LB-3_1,PLT1RLOSUISCDIHOFWDWTLWCUPCOLQ,CellAI Experiment Plate,Active,CLTR1T4GWPCF4XNUORSPZMUHOTAU25Q,2026-03-15T03:43:00.457277+00:00,0.3751,375100000,LBv2,130.0
CLTR1XYHKUWUCSG6OPAIORN3DWAELXU,B10,LB-3_1,PLT1RLOSUISCDIHOFWDWTLWCUPCOLQ,CellAI Experiment Plate,Active,CLTR1T4GWPCF4XNUORSPZMUHOTAU25Q,2026-03-15T03:43:00.457277+00:00,0.3751,375100000,MOPS (pH 7),18.0
CLTR1XYHKUWUCSG6OPAIORN3DWAELXU,B10,LB-3_1,PLT1RLOSUISCDIHOFWDWTLWCUPCOLQ,CellAI Experiment Plate,Active,CLTR1T4GWPCF4XNUORSPZMUHOTAU25Q,2026-03-15T03:43:00.457277+00:00,0.3751,375100000,Water,16.0
CLTR1C5OOTJBWKOJ4S52VZLTA2R4OX4,B11,baseline_1,PLT1RLOSUISCDIHOFWDWTLWCUPCOLQ,CellAI Experiment Plate,Active,CLTR1T4GWPCF4XNUORSPZMUHOTAU25Q,2026-03-15T03:43:00.457277+00:00,0.3434,343400000,Novel Bio Cyclone,180.0
CLTR1WJQCQ7PHGGUPJ5W5CPMXW7NE7Y,B2,SD-1_1,PLT1RLOSUISCDIHOFWDWTLWCUPCOLQ,CellAI Experiment Plate,Active,CLTR1T4GWPCF4XNUORSPZMUHOTAU25Q,2026-03-15T03:43:00.457277+00:00,0.4924,492400000,MOPS (pH 7),11.0
CLTR1WJQCQ7PHGGUPJ5W5CPMXW7NE7Y,B2,SD-1_1,PLT1RLOSUISCDIHOFWDWTLWCUPCOLQ,CellAI Experiment Plate,Active,CLTR1T4GWPCF4XNUORSPZMUHOTAU25Q,2026-03-15T03:43:00.457277+00:00,0.4924,492400000,Semi-Defined,129.0
CLTR1WJQCQ7PHGGUPJ5W5CPMXW7NE7Y,B2,SD-1_1,PLT1RLOSUISCDIHOFWDWTLWCUPCOLQ,CellAI Experiment Plate,Active,CLTR1T4GWPCF4XNUORSPZMUHOTAU25Q,2026-03-15T03:43:00.457277+00:00,0.4924,492400000,Tryptone,26.0
CLTR1WJQCQ7PHGGUPJ5W5CPMXW7NE7Y,B2,SD-1_1,PLT1RLOSUISCDIHOFWDWTLWCUPCOLQ,CellAI Experiment Plate,Active,CLTR1T4GWPCF4XNUORSPZMUHOTAU25Q,2026-03-15T03:43:00.457277+00:00,0.4924,492400000,Yeast Extract,14.0
CLTR1BCGZVW3ZZHDXQHSPQTQEYHEZZ4,B3,SD-2_1,PLT1RLOSUISCDIHOFWDWTLWCUPCOLQ,CellAI Experiment Plate,Active,CLTR1T4GWPCF4XNUORSPZMUHOTAU25Q,2026-03-15T03:43:00.457277+00:00,0.4581,458100000,MOPS (pH 7),7.0
CLTR1BCGZVW3ZZHDXQHSPQTQEYHEZZ4,B3,SD-2_1,PLT1RLOSUISCDIHOFWDWTLWCUPCOLQ,CellAI Experiment Plate,Active,CLTR1T4GWPCF4XNUORSPZMUHOTAU25Q,2026-03-15T03:43:00.457277+00:00,0.4581,458100000,Semi-Defined,128.0
CLTR1BCGZVW3ZZHDXQHSPQTQEYHEZZ4,B3,SD-2_1,PLT1RLOSUISCDIHOFWDWTLWCUPCOLQ,CellAI Experiment Plate,Active,CLTR1T4GWPCF4XNUORSPZMUHOTAU25Q,2026-03-15T03:43:00.457277+00:00,0.4581,458100000,Tryptone,14.0
CLTR1BCGZVW3ZZHDXQHSPQTQEYHEZZ4,B3,SD-2_1,PLT1RLOSUISCDIHOFWDWTLWCUPCOLQ,CellAI Experiment Plate,Active,CLTR1T4GWPCF4XNUORSPZMUHOTAU25Q,2026-03-15T03:43:00.457277+00:00,0.4581,458100000,Water,11.0
CLTR1BCGZVW3ZZHDXQHSPQTQEYHEZZ4,B3,SD-2_1,PLT1RLOSUISCDIHOFWDWTLWCUPCOLQ,CellAI Experiment Plate,Active,CLTR1T4GWPCF4XNUORSPZMUHOTAU25Q,2026-03-15T03:43:00.457277+00:00,0.4581,458100000,Yeast Extract,20.0
CLTR1R7PC6AUHD67ETWWFP5REZSVPHM,B4,SD-3_1,PLT1RLOSUISCDIHOFWDWTLWCUPCOLQ,CellAI Experiment Plate,Active,CLTR1T4GWPCF4XNUORSPZMUHOTAU25Q,2026-03-15T03:43:00.457277+00:00,0.502,502000000,MOPS (pH 7),9.0
CLTR1R7PC6AUHD67ETWWFP5REZSVPHM,B4,SD-3_1,PLT1RLOSUISCDIHOFWDWTLWCUPCOLQ,CellAI Experiment Plate,Active,CLTR1T4GWPCF4XNUORSPZMUHOTAU25Q,2026-03-15T03:43:00.457277+00:00,0.502,502000000,Semi-Defined,125.0
CLTR1R7PC6AUHD67ETWWFP5REZSVPHM,B4,SD-3_1,PLT1RLOSUISCDIHOFWDWTLWCUPCOLQ,CellAI Experiment Plate,Active,CLTR1T4GWPCF4XNUORSPZMUHOTAU25Q,2026-03-15T03:43:00.457277+00:00,0.502,502000000,Tryptone,20.0
CLTR1R7PC6AUHD67ETWWFP5REZSVPHM,B4,SD-3_1,PLT1RLOSUISCDIHOFWDWTLWCUPCOLQ,CellAI Experiment Plate,Active,CLTR1T4GWPCF4XNUORSPZMUHOTAU25Q,2026-03-15T03:43:00.457277+00:00,0.502,502000000,Yeast Extract,26.0
CLTR1A76MBDI37SA364AHAD66FGRQ6I,B5,HB-1_1,PLT1RLOSUISCDIHOFWDWTLWCUPCOLQ,CellAI Experiment Plate,Active,CLTR1T4GWPCF4XNUORSPZMUHOTAU25Q,2026-03-15T03:43:00.457277+00:00,0.4545,454500000,High Buffer Defined,110.0
CLTR1A76MBDI37SA364AHAD66FGRQ6I,B5,HB-1_1,PLT1RLOSUISCDIHOFWDWTLWCUPCOLQ,CellAI Experiment Plate,Active,CLTR1T4GWPCF4XNUORSPZMUHOTAU25Q,2026-03-15T03:43:00.457277+00:00,0.4545,454500000,Na L-Glutamate,10.0
CLTR1A76MBDI37SA364AHAD66FGRQ6I,B5,HB-1_1,PLT1RLOSUISCDIHOFWDWTLWCUPCOLQ,CellAI Experiment Plate,Active,CLTR1T4GWPCF4XNUORSPZMUHOTAU25Q,2026-03-15T03:43:00.457277+00:00,0.4545,454500000,Tryptone,26.0
CLTR1A76MBDI37SA364AHAD66FGRQ6I,B5,HB-1_1,PLT1RLOSUISCDIHOFWDWTLWCUPCOLQ,CellAI Experiment Plate,Active,CLTR1T4GWPCF4XNUORSPZMUHOTAU25Q,2026-03-15T03:43:00.457277+00:00,0.4545,454500000,Water,20.0
CLTR1A76MBDI37SA364AHAD66FGRQ6I,B5,HB-1_1,PLT1RLOSUISCDIHOFWDWTLWCUPCOLQ,CellAI Experiment Plate,Active,CLTR1T4GWPCF4XNUORSPZMUHOTAU25Q,2026-03-15T03:43:00.457277+00:00,0.4545,454500000,Yeast Extract,14.0
CLTR1B5PDGTPFXN3CUBSBOOCU3BWCVY,B6,HB-2_1,PLT1RLOSUISCDIHOFWDWTLWCUPCOLQ,CellAI Experiment Plate,Active,CLTR1T4GWPCF4XNUORSPZMUHOTAU25Q,2026-03-15T03:43:00.457277+00:00,0.4869,486900000,High Buffer Defined,110.0
CLTR1B5PDGTPFXN3CUBSBOOCU3BWCVY,B6,HB-2_1,PLT1RLOSUISCDIHOFWDWTLWCUPCOLQ,CellAI Experiment Plate,Active,CLTR1T4GWPCF4XNUORSPZMUHOTAU25Q,2026-03-15T03:43:00.457277+00:00,0.4869,486900000,Na L-Glutamate,6.0
CLTR1B5PDGTPFXN3CUBSBOOCU3BWCVY,B6,HB-2_1,PLT1RLOSUISCDIHOFWDWTLWCUPCOLQ,CellAI Experiment Plate,Active,CLTR1T4GWPCF4XNUORSPZMUHOTAU25Q,2026-03-15T03:43:00.457277+00:00,0.4869,486900000,Tryptone,14.0
CLTR1B5PDGTPFXN3CUBSBOOCU3BWCVY,B6,HB-2_1,PLT1RLOSUISCDIHOFWDWTLWCUPCOLQ,CellAI Experiment Plate,Active,CLTR1T4GWPCF4XNUORSPZMUHOTAU25Q,2026-03-15T03:43:00.457277+00:00,0.4869,486900000,Water,30.0
CLTR1B5PDGTPFXN3CUBSBOOCU3BWCVY,B6,HB-2_1,PLT1RLOSUISCDIHOFWDWTLWCUPCOLQ,CellAI Experiment Plate,Active,CLTR1T4GWPCF4XNUORSPZMUHOTAU25Q,2026-03-15T03:43:00.457277+00:00,0.4869,486900000,Yeast Extract,20.0
CLTR1LVWKRIQS4FTGFOOCM2ZPRF4YTQ,B7,HB-3_1,PLT1RLOSUISCDIHOFWDWTLWCUPCOLQ,CellAI Experiment Plate,Active,CLTR1T4GWPCF4XNUORSPZMUHOTAU25Q,2026-03-15T03:43:00.457277+00:00,0.5028,502800000,High Buffer Defined,110.0
CLTR1LVWKRIQS4FTGFOOCM2ZPRF4YTQ,B7,HB-3_1,PLT1RLOSUISCDIHOFWDWTLWCUPCOLQ,CellAI Experiment Plate,Active,CLTR1T4GWPCF4XNUORSPZMUHOTAU25Q,2026-03-15T03:43:00.457277+00:00,0.5028,502800000,Na L-Glutamate,8.0
CLTR1LVWKRIQS4FTGFOOCM2ZPRF4YTQ,B7,HB-3_1,PLT1RLOSUISCDIHOFWDWTLWCUPCOLQ,CellAI Experiment Plate,Active,CLTR1T4GWPCF4XNUORSPZMUHOTAU25Q,2026-03-15T03:43:00.457277+00:00,0.5028,502800000,Tryptone,20.0
CLTR1LVWKRIQS4FTGFOOCM2ZPRF4YTQ,B7,HB-3_1,PLT1RLOSUISCDIHOFWDWTLWCUPCOLQ,CellAI Experiment Plate,Active,CLTR1T4GWPCF4XNUORSPZMUHOTAU25Q,2026-03-15T03:43:00.457277+00:00,0.5028,502800000,Water,16.0
CLTR1LVWKRIQS4FTGFOOCM2ZPRF4YTQ,B7,HB-3_1,PLT1RLOSUISCDIHOFWDWTLWCUPCOLQ,CellAI Experiment Plate,Active,CLTR1T4GWPCF4XNUORSPZMUHOTAU25Q,2026-03-15T03:43:00.457277+00:00,0.5028,502800000,Yeast Extract,26.0
CLTR1KQB6MMPRTUXCMMUT2SCHGR4YIY,B8,LB-1_1,PLT1RLOSUISCDIHOFWDWTLWCUPCOLQ,CellAI Experiment Plate,Active,CLTR1T4GWPCF4XNUORSPZMUHOTAU25Q,2026-03-15T03:43:00.457277+00:00,0.315,315000000,Glucose,18.0
CLTR1KQB6MMPRTUXCMMUT2SCHGR4YIY,B8,LB-1_1,PLT1RLOSUISCDIHOFWDWTLWCUPCOLQ,CellAI Experiment Plate,Active,CLTR1T4GWPCF4XNUORSPZMUHOTAU25Q,2026-03-15T03:43:00.457277+00:00,0.315,315000000,KH2PO4 (monobasic),10.0
CLTR1KQB6MMPRTUXCMMUT2SCHGR4YIY,B8,LB-1_1,PLT1RLOSUISCDIHOFWDWTLWCUPCOLQ,CellAI Experiment Plate,Active,CLTR1T4GWPCF4XNUORSPZMUHOTAU25Q,2026-03-15T03:43:00.457277+00:00,0.315,315000000,LBv2,130.0
CLTR1KQB6MMPRTUXCMMUT2SCHGR4YIY,B8,LB-1_1,PLT1RLOSUISCDIHOFWDWTLWCUPCOLQ,CellAI Experiment Plate,Active,CLTR1T4GWPCF4XNUORSPZMUHOTAU25Q,2026-03-15T03:43:00.457277+00:00,0.315,315000000,MOPS (pH 7),12.0
CLTR1KQB6MMPRTUXCMMUT2SCHGR4YIY,B8,LB-1_1,PLT1RLOSUISCDIHOFWDWTLWCUPCOLQ,CellAI Experiment Plate,Active,CLTR1T4GWPCF4XNUORSPZMUHOTAU25Q,2026-03-15T03:43:00.457277+00:00,0.315,315000000,Water,10.0
CLTR1JOYE4LGRICP3NJ7KMVULZKXDKM,B9,LB-2_1,PLT1RLOSUISCDIHOFWDWTLWCUPCOLQ,CellAI Experiment Plate,Active,CLTR1T4GWPCF4XNUORSPZMUHOTAU25Q,2026-03-15T03:43:00.457277+00:00,0.3921,392100000,Glucose,12.0
CLTR1JOYE4LGRICP3NJ7KMVULZKXDKM,B9,LB-2_1,PLT1RLOSUISCDIHOFWDWTLWCUPCOLQ,CellAI Experiment Plate,Active,CLTR1T4GWPCF4XNUORSPZMUHOTAU25Q,2026-03-15T03:43:00.457277+00:00,0.3921,392100000,KH2PO4 (monobasic),6.0
CLTR1JOYE4LGRICP3NJ7KMVULZKXDKM,B9,LB-2_1,PLT1RLOSUISCDIHOFWDWTLWCUPCOLQ,CellAI Experiment Plate,Active,CLTR1T4GWPCF4XNUORSPZMUHOTAU25Q,2026-03-15T03:43:00.457277+00:00,0.3921,392100000,LBv2,130.0
CLTR1JOYE4LGRICP3NJ7KMVULZKXDKM,B9,LB-2_1,PLT1RLOSUISCDIHOFWDWTLWCUPCOLQ,CellAI Experiment Plate,Active,CLTR1T4GWPCF4XNUORSPZMUHOTAU25Q,2026-03-15T03:43:00.457277+00:00,0.3921,392100000,MOPS (pH 7),16.0
CLTR1JOYE4LGRICP3NJ7KMVULZKXDKM,B9,LB-2_1,PLT1RLOSUISCDIHOFWDWTLWCUPCOLQ,CellAI Experiment Plate,Active,CLTR1T4GWPCF4XNUORSPZMUHOTAU25Q,2026-03-15T03:43:00.457277+00:00,0.3921,392100000,Water,16.0
